#
# There is insufficient memory for the Java Runtime Environment to continue.
# Native memory allocation (mmap) failed to map 420478976 bytes. Error detail: G1 virtual space
# Possible reasons:
#   The system is out of physical RAM or swap space
#   This process is running with CompressedOops enabled, and the Java Heap may be blocking the growth of the native heap
# Possible solutions:
#   Reduce memory load on the system
#   Increase physical memory or swap space
#   Check if swap backing store is full
#   Decrease Java heap size (-Xmx/-Xms)
#   Decrease number of Java threads
#   Decrease Java thread stack sizes (-Xss)
#   Set larger code cache with -XX:ReservedCodeCacheSize=
#   JVM is running with Unscaled Compressed Oops mode in which the Java heap is
#     placed in the first 4GB address space. The Java Heap base address is the
#     maximum limit for the native heap growth. Please use -XX:HeapBaseMinAddress
#     to set the Java Heap base and to place the Java Heap above 4GB virtual address.
# This output file may be truncated or incomplete.
#
#  Out of Memory Error (os_windows.cpp:3618), pid=17652, tid=6208
#
# JRE version: OpenJDK Runtime Environment Temurin-17.0.16+8 (17.0.16+8) (build 17.0.16+8)
# Java VM: OpenJDK 64-Bit Server VM Temurin-17.0.16+8 (17.0.16+8, mixed mode, sharing, tiered, compressed oops, compressed class ptrs, g1 gc, windows-amd64)
# No core dump will be written. Minidumps are not enabled by default on client versions of Windows
#

---------------  S U M M A R Y ------------

Command Line: --add-opens=java.base/java.util=ALL-UNNAMED --add-opens=java.base/java.lang=ALL-UNNAMED --add-opens=java.base/java.lang.invoke=ALL-UNNAMED --add-opens=java.prefs/java.util.prefs=ALL-UNNAMED --add-opens=java.base/java.nio.charset=ALL-UNNAMED --add-opens=java.base/java.net=ALL-UNNAMED --add-opens=java.base/java.util.concurrent.atomic=ALL-UNNAMED -Xmx2048m -Dfile.encoding=UTF-8 -Duser.country=ID -Duser.language=en -Duser.variant -javaagent:D:\GradleCache\wrapper\dists\gradle-8.4-all\56r6xik2f6skrm47et0ibifug\gradle-8.4\lib\agents\gradle-instrumentation-agent-8.4.jar org.gradle.launcher.daemon.bootstrap.GradleDaemon 8.4

Host: AMD Ryzen 5 5625U with Radeon Graphics         , 12 cores, 15G,  Windows 11 , 64 bit Build 22621 (10.0.22621.5415)
Time: Mon Oct  6 06:11:52 2025 SE Asia Standard Time elapsed time: 2999.792728 seconds (0d 0h 49m 59s)

---------------  T H R E A D  ---------------

Current thread (0x00000236518aec50):  VMThread "VM Thread" [stack: 0x000000cbcf600000,0x000000cbcf700000] [id=6208]

Stack: [0x000000cbcf600000,0x000000cbcf700000]
Native frames: (J=compiled Java code, j=interpreted, Vv=VM code, C=native code)
V  [jvm.dll+0x683169]
V  [jvm.dll+0x839ac8]
V  [jvm.dll+0x83b573]
V  [jvm.dll+0x83bbe3]
V  [jvm.dll+0x2473ff]
V  [jvm.dll+0x67ff49]
V  [jvm.dll+0x674e3a]
V  [jvm.dll+0x304ea6]
V  [jvm.dll+0x30c366]
V  [jvm.dll+0x35deee]
V  [jvm.dll+0x35e12d]
V  [jvm.dll+0x2dc26c]
V  [jvm.dll+0x2da60f]
V  [jvm.dll+0x2d9d7c]
V  [jvm.dll+0x31d55b]
V  [jvm.dll+0x84041d]
V  [jvm.dll+0x841153]
V  [jvm.dll+0x84167f]
V  [jvm.dll+0x841a64]
V  [jvm.dll+0x841b2e]
V  [jvm.dll+0x7e979c]
V  [jvm.dll+0x682047]
C  [ucrtbase.dll+0x29333]
C  [KERNEL32.DLL+0x1259d]
C  [ntdll.dll+0x5af78]

VM_Operation (0x000000cbd8df5810): G1CollectForAllocation, mode: safepoint, requested by thread 0x000002369e7d2790


---------------  P R O C E S S  ---------------

Threads class SMR info:
_java_thread_list=0x000002369cef1a70, length=199, elements={
0x00000236335b9ac0, 0x0000023693010240, 0x00000236930110c0, 0x00000236930235c0,
0x0000023693025190, 0x0000023693027c60, 0x0000023693029630, 0x000002369302dee0,
0x0000023693036db0, 0x0000023693042390, 0x00000236931338f0, 0x00000236931f3900,
0x000002369a235a50, 0x000002369894ed20, 0x000002369936bd10, 0x00000236932e2f30,
0x00000236932e57b0, 0x00000236932e3440, 0x00000236932e3950, 0x00000236932e3e60,
0x000002369cbdda80, 0x000002369cbdfdf0, 0x000002369cbe0810, 0x000002369e8840b0,
0x000002369e884ad0, 0x00000236991b9ba0, 0x00000236991baad0, 0x0000023699e7b8e0,
0x0000023699e79060, 0x00000236a8371470, 0x00000236a8370a50, 0x00000236a8371980,
0x00000236a83723a0, 0x00000236a8370030, 0x00000236a8371e90, 0x000002369e044c90,
0x00000236b4806ee0, 0x00000236b4804660, 0x000002369caef750, 0x00000236a887ebd0,
0x0000023699e7a9b0, 0x0000023698ca05e0, 0x0000023698c9c920, 0x0000023698c99170,
0x000002369d3d59b0, 0x000002369d3d63d0, 0x000002369d3d3b50, 0x000002369d3d6df0,
0x000002369d3d68e0, 0x000002369d3d3640, 0x000002369d3d4570, 0x00000236a887e6c0,
0x00000236a8880a30, 0x00000236b4e1f8c0, 0x00000236b4e1fdd0, 0x00000236b4e207f0,
0x000002369d3d54a0, 0x000002369aa04ab0, 0x000002369aa02c50, 0x000002369aa03160,
0x000002369aa04fc0, 0x000002369aa01d20, 0x000002369aa02230, 0x000002369aa03670,
0x00000236a8337620, 0x00000236a8337b30, 0x00000236a8336c00, 0x00000236b2f8e780,
0x00000236b2f8ec90, 0x00000236b2f8f1a0, 0x00000236b2f8fbc0, 0x00000236b2f900d0,
0x00000236b2f905e0, 0x00000236b2f8d850, 0x00000236b2f8e270, 0x000002369d9e72f0,
0x000002369d9e5eb0, 0x000002369d9e4560, 0x000002369d9e6de0, 0x000002369d9e5490,
0x000002369d9e4f80, 0x0000023699f5fe60, 0x0000023699f5f440, 0x0000023699f60880,
0x0000023699f5f950, 0x0000023699f5ef30, 0x0000023699f60d90, 0x000002369e1f69d0,
0x000002369e1f5590, 0x000002369e1f5aa0, 0x00000236b2ffa5a0, 0x00000236b2ffa090,
0x00000236bfd14810, 0x00000236bfd14d20, 0x00000236bfd15230, 0x00000236bfd138e0,
0x00000236bfd16160, 0x00000236bfd15740, 0x00000236bfd15c50, 0x00000236bfd129b0,
0x00000236bfd13df0, 0x0000023699e7aec0, 0x0000023699e79570, 0x0000023699e79f90,
0x0000023699e7b3d0, 0x0000023698eed990, 0x0000023698eebb30, 0x0000023698eedea0,
0x0000023698eee8c0, 0x0000023698eee3b0, 0x0000023698eec550, 0x00000236991ba0b0,
0x00000236991ba5c0, 0x00000236b4819a90, 0x00000236b481a9c0, 0x00000236b4818b60,
0x00000236a8338550, 0x00000236a8338a60, 0x00000236a8338f70, 0x00000236a8339990,
0x00000236a833a3b0, 0x00000236b4e1d550, 0x000002369e043850, 0x000002369e044780,
0x00000236b5e1a330, 0x00000236b5e184d0, 0x00000236b5e189e0, 0x00000236b5e17090,
0x00000236b5e175a0, 0x00000236b5e1a840, 0x00000236b5e19400, 0x00000236b5e18ef0,
0x00000236b5e19910, 0x00000236b5e19e20, 0x00000236b5e17ab0, 0x00000236bfd14300,
0x00000236bfd12ec0, 0x000002369a9485e0, 0x000002369a9476b0, 0x000002369a949000,
0x000002369a947bc0, 0x000002369a9480d0, 0x00000236ad546ed0, 0x00000236ad544b60,
0x00000236ad545070, 0x00000236ad545580, 0x0000023699e7a4a0, 0x00000236b2ffaab0,
0x000002369e7d2790, 0x000002369d9da450, 0x000002369d9d9010, 0x000002369d9d9a30,
0x000002369d9d9f40, 0x000002369d9d85f0, 0x000002369d9da960, 0x000002369d9d80e0,
0x000002369d9db380, 0x000002369d9dae70, 0x00000236b30c3870, 0x00000236b30c4cb0,
0x00000236b2ffbef0, 0x00000236b2ffce20, 0x00000236b2ffc910, 0x00000236b2ffd330,
0x00000236b2ffd840, 0x00000236b2ffb4d0, 0x00000236b2ffb9e0, 0x00000236b2ffafc0,
0x00000236b2ffc400, 0x000002369e6e3950, 0x000002369e6e4d90, 0x000002369e6e4370,
0x000002369e6e3440, 0x000002369e6e3e60, 0x000002369e6e4880, 0x000002369e6e2a20,
0x000002369e6e52a0, 0x000002369e6e1af0, 0x000002369e6e2000, 0x000002369e6e2510,
0x00000236c2a838c0, 0x0000023698c9a5b0, 0x0000023698c9ce30, 0x0000023698c9afd0,
0x0000023698c9e780, 0x00000236c2a85c30, 0x00000236c2a86650, 0x00000236c2a83dd0,
0x00000236c2a85720, 0x000002369be6c920, 0x000002369be6ce30, 0x000002369a15c790,
0x000002369a15cca0, 0x00000236c2a842e0, 0x00000236c2a86140, 0x0000023699e7bdf0,
0x00000236c2a85210, 0x000002369d6fd620, 0x000002369bd96d50
}

Java Threads: ( => current thread )
  0x00000236335b9ac0 JavaThread "main" [_thread_blocked, id=15504, stack(0x000000cbcf000000,0x000000cbcf100000)]
  0x0000023693010240 JavaThread "Reference Handler" daemon [_thread_blocked, id=12132, stack(0x000000cbcf700000,0x000000cbcf800000)]
  0x00000236930110c0 JavaThread "Finalizer" daemon [_thread_blocked, id=15440, stack(0x000000cbcf800000,0x000000cbcf900000)]
  0x00000236930235c0 JavaThread "Signal Dispatcher" daemon [_thread_blocked, id=11896, stack(0x000000cbcf900000,0x000000cbcfa00000)]
  0x0000023693025190 JavaThread "Attach Listener" daemon [_thread_blocked, id=18956, stack(0x000000cbcfa00000,0x000000cbcfb00000)]
  0x0000023693027c60 JavaThread "Service Thread" daemon [_thread_blocked, id=21056, stack(0x000000cbcfb00000,0x000000cbcfc00000)]
  0x0000023693029630 JavaThread "Monitor Deflation Thread" daemon [_thread_blocked, id=21664, stack(0x000000cbcfc00000,0x000000cbcfd00000)]
  0x000002369302dee0 JavaThread "C2 CompilerThread0" daemon [_thread_blocked, id=7512, stack(0x000000cbcfd00000,0x000000cbcfe00000)]
  0x0000023693036db0 JavaThread "C1 CompilerThread0" daemon [_thread_blocked, id=84, stack(0x000000cbcfe00000,0x000000cbcff00000)]
  0x0000023693042390 JavaThread "Sweeper thread" daemon [_thread_blocked, id=9624, stack(0x000000cbcff00000,0x000000cbd0000000)]
  0x00000236931338f0 JavaThread "Common-Cleaner" daemon [_thread_blocked, id=11192, stack(0x000000cbd0000000,0x000000cbd0100000)]
  0x00000236931f3900 JavaThread "Notification Thread" daemon [_thread_blocked, id=3348, stack(0x000000cbd0200000,0x000000cbd0300000)]
  0x000002369a235a50 JavaThread "Daemon health stats" [_thread_blocked, id=6512, stack(0x000000cbd0900000,0x000000cbd0a00000)]
  0x000002369894ed20 JavaThread "Incoming local TCP Connector on port 60338" [_thread_in_native, id=20532, stack(0x000000cbd0a00000,0x000000cbd0b00000)]
  0x000002369936bd10 JavaThread "Daemon periodic checks" [_thread_blocked, id=19452, stack(0x000000cbd0b00000,0x000000cbd0c00000)]
  0x00000236932e2f30 JavaThread "Cache worker for journal cache (D:\GradleCache\caches\journal-1)" [_thread_blocked, id=3080, stack(0x000000cbd1300000,0x000000cbd1400000)]
  0x00000236932e57b0 JavaThread "File lock request listener" [_thread_in_native, id=2100, stack(0x000000cbd1400000,0x000000cbd1500000)]
  0x00000236932e3440 JavaThread "Cache worker for file hash cache (D:\GradleCache\caches\8.4\fileHashes)" [_thread_blocked, id=6472, stack(0x000000cbd1500000,0x000000cbd1600000)]
  0x00000236932e3950 JavaThread "File watcher server" daemon [_thread_blocked, id=21964, stack(0x000000cbd1600000,0x000000cbd1700000)]
  0x00000236932e3e60 JavaThread "File watcher consumer" daemon [_thread_blocked, id=15376, stack(0x000000cbd1700000,0x000000cbd1800000)]
  0x000002369cbdda80 JavaThread "Cache worker for file content cache (D:\GradleCache\caches\8.4\fileContent)" [_thread_blocked, id=22196, stack(0x000000cbd2200000,0x000000cbd2300000)]
  0x000002369cbdfdf0 JavaThread "Cache worker for execution history cache (D:\GradleCache\caches\8.4\executionHistory)" [_thread_blocked, id=19280, stack(0x000000cbd2400000,0x000000cbd2500000)]
  0x000002369cbe0810 JavaThread "Cache worker for kotlin-dsl (D:\GradleCache\caches\8.4\kotlin-dsl)" [_thread_blocked, id=8324, stack(0x000000cbd2500000,0x000000cbd2600000)]
  0x000002369e8840b0 JavaThread "jar transforms" [_thread_blocked, id=10108, stack(0x000000cbd2800000,0x000000cbd2900000)]
  0x000002369e884ad0 JavaThread "jar transforms Thread 2" [_thread_blocked, id=21484, stack(0x000000cbd2900000,0x000000cbd2a00000)]
  0x00000236991b9ba0 JavaThread "jar transforms Thread 3" [_thread_blocked, id=4008, stack(0x000000cbd2a00000,0x000000cbd2b00000)]
  0x00000236991baad0 JavaThread "jar transforms Thread 4" [_thread_blocked, id=21584, stack(0x000000cbd2b00000,0x000000cbd2c00000)]
  0x0000023699e7b8e0 JavaThread "jar transforms Thread 5" [_thread_blocked, id=19772, stack(0x000000cbd2f00000,0x000000cbd3000000)]
  0x0000023699e79060 JavaThread "jar transforms Thread 6" [_thread_blocked, id=17456, stack(0x000000cbd3000000,0x000000cbd3100000)]
  0x00000236a8371470 JavaThread "jar transforms Thread 7" [_thread_blocked, id=8532, stack(0x000000cbd8300000,0x000000cbd8400000)]
  0x00000236a8370a50 JavaThread "jar transforms Thread 8" [_thread_blocked, id=12728, stack(0x000000cbd8f00000,0x000000cbd9000000)]
  0x00000236a8371980 JavaThread "jar transforms Thread 9" [_thread_blocked, id=15656, stack(0x000000cbd9000000,0x000000cbd9100000)]
  0x00000236a83723a0 JavaThread "jar transforms Thread 10" [_thread_blocked, id=15576, stack(0x000000cbd9100000,0x000000cbd9200000)]
  0x00000236a8370030 JavaThread "jar transforms Thread 11" [_thread_blocked, id=20960, stack(0x000000cbd9200000,0x000000cbd9300000)]
  0x00000236a8371e90 JavaThread "jar transforms Thread 12" [_thread_blocked, id=12540, stack(0x000000cbd9300000,0x000000cbd9400000)]
  0x000002369e044c90 JavaThread "Memory manager" [_thread_blocked, id=9876, stack(0x000000cbcee00000,0x000000cbcef00000)]
  0x00000236b4806ee0 JavaThread "RMI Scheduler(0)" daemon [_thread_blocked, id=20628, stack(0x000000cbdcb00000,0x000000cbdcc00000)]
  0x00000236b4804660 JavaThread "RMI GC Daemon" daemon [_thread_blocked, id=14832, stack(0x000000cbdd000000,0x000000cbdd100000)]
  0x000002369caef750 JavaThread "RMI TCP Accept-0" daemon [_thread_in_native, id=1584, stack(0x000000cbdd700000,0x000000cbdd800000)]
  0x00000236a887ebd0 JavaThread "RMI Reaper" [_thread_blocked, id=17492, stack(0x000000cbdd800000,0x000000cbdd900000)]
  0x0000023699e7a9b0 JavaThread "Daemon Thread 10" [_thread_blocked, id=9480, stack(0x000000cbced00000,0x000000cbcee00000)]
  0x0000023698ca05e0 JavaThread "Handler for socket connection from /127.0.0.1:60338 to /127.0.0.1:64664" [_thread_in_native, id=20380, stack(0x000000cbcef00000,0x000000cbcf000000)]
  0x0000023698c9c920 JavaThread "Cancel handler" [_thread_blocked, id=10424, stack(0x000000cbd0100000,0x000000cbd0200000)]
  0x0000023698c99170 JavaThread "Daemon worker Thread 10" [_thread_blocked, id=16632, stack(0x000000cbd0400000,0x000000cbd0500000)]
  0x000002369d3d59b0 JavaThread "Asynchronous log dispatcher for DefaultDaemonConnection: socket connection from /127.0.0.1:60338 to /127.0.0.1:64664" [_thread_blocked, id=22436, stack(0x000000cbd0c00000,0x000000cbd0d00000)]
  0x000002369d3d63d0 JavaThread "Stdin handler" [_thread_blocked, id=11228, stack(0x000000cbd0d00000,0x000000cbd0e00000)]
  0x000002369d3d3b50 JavaThread "Daemon client event forwarder" [_thread_blocked, id=22524, stack(0x000000cbd0e00000,0x000000cbd0f00000)]
  0x000002369d3d6df0 JavaThread "Cache worker for checksums cache (D:\Sem 5\Project MAP\SawitKu\.gradle\8.4\checksums)" [_thread_blocked, id=20668, stack(0x000000cbd0f00000,0x000000cbd1000000)]
  0x000002369d3d68e0 JavaThread "Cache worker for file hash cache (D:\Sem 5\Project MAP\SawitKu\.gradle\8.4\fileHashes)" [_thread_blocked, id=18620, stack(0x000000cbd1000000,0x000000cbd1100000)]
  0x000002369d3d3640 JavaThread "Cache worker for cache directory md-supplier (D:\GradleCache\caches\8.4\md-supplier)" [_thread_blocked, id=8852, stack(0x000000cbd1100000,0x000000cbd1200000)]
  0x000002369d3d4570 JavaThread "Cache worker for cache directory md-rule (D:\GradleCache\caches\8.4\md-rule)" [_thread_blocked, id=12676, stack(0x000000cbd1200000,0x000000cbd1300000)]
  0x00000236a887e6c0 JavaThread "Cache worker for dependencies-accessors (D:\Sem 5\Project MAP\SawitKu\.gradle\8.4\dependencies-accessors)" [_thread_blocked, id=14944, stack(0x000000cbd2100000,0x000000cbd2200000)]
  0x00000236a8880a30 JavaThread "Cache worker for Build Output Cleanup Cache (D:\Sem 5\Project MAP\SawitKu\.gradle\buildOutputCleanup)" [_thread_blocked, id=19432, stack(0x000000cbd2300000,0x000000cbd2400000)]
  0x00000236b4e1f8c0 JavaThread "Unconstrained build operations" [_thread_blocked, id=2600, stack(0x000000cbd1800000,0x000000cbd1900000)]
  0x00000236b4e1fdd0 JavaThread "Unconstrained build operations Thread 2" [_thread_blocked, id=17624, stack(0x000000cbd2000000,0x000000cbd2100000)]
  0x00000236b4e207f0 JavaThread "Unconstrained build operations Thread 3" [_thread_blocked, id=14072, stack(0x000000cbd2700000,0x000000cbd2800000)]
  0x000002369d3d54a0 JavaThread "Unconstrained build operations Thread 4" [_thread_blocked, id=15612, stack(0x000000cbd2c00000,0x000000cbd2d00000)]
  0x000002369aa04ab0 JavaThread "Unconstrained build operations Thread 5" [_thread_blocked, id=13712, stack(0x000000cbd2d00000,0x000000cbd2e00000)]
  0x000002369aa02c50 JavaThread "Unconstrained build operations Thread 6" [_thread_blocked, id=14192, stack(0x000000cbd2e00000,0x000000cbd2f00000)]
  0x000002369aa03160 JavaThread "Unconstrained build operations Thread 7" [_thread_blocked, id=9096, stack(0x000000cbd3100000,0x000000cbd3200000)]
  0x000002369aa04fc0 JavaThread "Unconstrained build operations Thread 8" [_thread_blocked, id=14524, stack(0x000000cbd3200000,0x000000cbd3300000)]
  0x000002369aa01d20 JavaThread "Unconstrained build operations Thread 9" [_thread_blocked, id=9972, stack(0x000000cbd3300000,0x000000cbd3400000)]
  0x000002369aa02230 JavaThread "Unconstrained build operations Thread 10" [_thread_blocked, id=22124, stack(0x000000cbd3400000,0x000000cbd3500000)]
  0x000002369aa03670 JavaThread "Unconstrained build operations Thread 11" [_thread_blocked, id=22116, stack(0x000000cbd3500000,0x000000cbd3600000)]
  0x00000236a8337620 JavaThread "Unconstrained build operations Thread 12" [_thread_blocked, id=21768, stack(0x000000cbd3600000,0x000000cbd3700000)]
  0x00000236a8337b30 JavaThread "Unconstrained build operations Thread 13" [_thread_blocked, id=17296, stack(0x000000cbd3700000,0x000000cbd3800000)]
  0x00000236a8336c00 JavaThread "Unconstrained build operations Thread 14" [_thread_blocked, id=3960, stack(0x000000cbd3800000,0x000000cbd3900000)]
  0x00000236b2f8e780 JavaThread "Unconstrained build operations Thread 15" [_thread_blocked, id=17236, stack(0x000000cbd3900000,0x000000cbd3a00000)]
  0x00000236b2f8ec90 JavaThread "Unconstrained build operations Thread 16" [_thread_blocked, id=10776, stack(0x000000cbd3a00000,0x000000cbd3b00000)]
  0x00000236b2f8f1a0 JavaThread "Unconstrained build operations Thread 17" [_thread_blocked, id=20988, stack(0x000000cbd3b00000,0x000000cbd3c00000)]
  0x00000236b2f8fbc0 JavaThread "Unconstrained build operations Thread 18" [_thread_blocked, id=14356, stack(0x000000cbd3c00000,0x000000cbd3d00000)]
  0x00000236b2f900d0 JavaThread "Unconstrained build operations Thread 19" [_thread_blocked, id=4364, stack(0x000000cbd3d00000,0x000000cbd3e00000)]
  0x00000236b2f905e0 JavaThread "Unconstrained build operations Thread 20" [_thread_blocked, id=3016, stack(0x000000cbd3e00000,0x000000cbd3f00000)]
  0x00000236b2f8d850 JavaThread "Unconstrained build operations Thread 21" [_thread_blocked, id=22172, stack(0x000000cbd3f00000,0x000000cbd4000000)]
  0x00000236b2f8e270 JavaThread "Unconstrained build operations Thread 22" [_thread_blocked, id=1908, stack(0x000000cbd4000000,0x000000cbd4100000)]
  0x000002369d9e72f0 JavaThread "Unconstrained build operations Thread 23" [_thread_blocked, id=20504, stack(0x000000cbd4100000,0x000000cbd4200000)]
  0x000002369d9e5eb0 JavaThread "Unconstrained build operations Thread 24" [_thread_blocked, id=14140, stack(0x000000cbd4200000,0x000000cbd4300000)]
  0x000002369d9e4560 JavaThread "Unconstrained build operations Thread 25" [_thread_blocked, id=8732, stack(0x000000cbd4300000,0x000000cbd4400000)]
  0x000002369d9e6de0 JavaThread "Unconstrained build operations Thread 26" [_thread_blocked, id=18316, stack(0x000000cbd4400000,0x000000cbd4500000)]
  0x000002369d9e5490 JavaThread "Unconstrained build operations Thread 27" [_thread_blocked, id=20112, stack(0x000000cbd4500000,0x000000cbd4600000)]
  0x000002369d9e4f80 JavaThread "Unconstrained build operations Thread 28" [_thread_blocked, id=344, stack(0x000000cbd4600000,0x000000cbd4700000)]
  0x0000023699f5fe60 JavaThread "Unconstrained build operations Thread 29" [_thread_blocked, id=8604, stack(0x000000cbd4700000,0x000000cbd4800000)]
  0x0000023699f5f440 JavaThread "Unconstrained build operations Thread 30" [_thread_blocked, id=16084, stack(0x000000cbd4800000,0x000000cbd4900000)]
  0x0000023699f60880 JavaThread "Unconstrained build operations Thread 31" [_thread_blocked, id=10952, stack(0x000000cbd4900000,0x000000cbd4a00000)]
  0x0000023699f5f950 JavaThread "Unconstrained build operations Thread 32" [_thread_blocked, id=14512, stack(0x000000cbd4a00000,0x000000cbd4b00000)]
  0x0000023699f5ef30 JavaThread "Unconstrained build operations Thread 33" [_thread_blocked, id=10676, stack(0x000000cbd4b00000,0x000000cbd4c00000)]
  0x0000023699f60d90 JavaThread "Unconstrained build operations Thread 34" [_thread_blocked, id=18300, stack(0x000000cbd4c00000,0x000000cbd4d00000)]
  0x000002369e1f69d0 JavaThread "Unconstrained build operations Thread 35" [_thread_blocked, id=5540, stack(0x000000cbd4d00000,0x000000cbd4e00000)]
  0x000002369e1f5590 JavaThread "Unconstrained build operations Thread 36" [_thread_blocked, id=2076, stack(0x000000cbd4e00000,0x000000cbd4f00000)]
  0x000002369e1f5aa0 JavaThread "Unconstrained build operations Thread 37" [_thread_blocked, id=21396, stack(0x000000cbd4f00000,0x000000cbd5000000)]
  0x00000236b2ffa5a0 JavaThread "Unconstrained build operations Thread 38" [_thread_blocked, id=5116, stack(0x000000cbd5000000,0x000000cbd5100000)]
  0x00000236b2ffa090 JavaThread "Unconstrained build operations Thread 39" [_thread_blocked, id=20256, stack(0x000000cbd5100000,0x000000cbd5200000)]
  0x00000236bfd14810 JavaThread "Unconstrained build operations Thread 40" [_thread_blocked, id=21012, stack(0x000000cbd5200000,0x000000cbd5300000)]
  0x00000236bfd14d20 JavaThread "Unconstrained build operations Thread 41" [_thread_blocked, id=16224, stack(0x000000cbd5300000,0x000000cbd5400000)]
  0x00000236bfd15230 JavaThread "Unconstrained build operations Thread 42" [_thread_blocked, id=18284, stack(0x000000cbd5400000,0x000000cbd5500000)]
  0x00000236bfd138e0 JavaThread "Unconstrained build operations Thread 43" [_thread_blocked, id=16208, stack(0x000000cbd5500000,0x000000cbd5600000)]
  0x00000236bfd16160 JavaThread "Unconstrained build operations Thread 44" [_thread_blocked, id=21044, stack(0x000000cbd5600000,0x000000cbd5700000)]
  0x00000236bfd15740 JavaThread "Unconstrained build operations Thread 45" [_thread_blocked, id=14692, stack(0x000000cbd5700000,0x000000cbd5800000)]
  0x00000236bfd15c50 JavaThread "Unconstrained build operations Thread 46" [_thread_blocked, id=15196, stack(0x000000cbd5800000,0x000000cbd5900000)]
  0x00000236bfd129b0 JavaThread "Unconstrained build operations Thread 47" [_thread_blocked, id=20876, stack(0x000000cbd5900000,0x000000cbd5a00000)]
  0x00000236bfd13df0 JavaThread "Unconstrained build operations Thread 48" [_thread_blocked, id=12800, stack(0x000000cbd5a00000,0x000000cbd5b00000)]
  0x0000023699e7aec0 JavaThread "Unconstrained build operations Thread 49" [_thread_blocked, id=17140, stack(0x000000cbd5b00000,0x000000cbd5c00000)]
  0x0000023699e79570 JavaThread "Unconstrained build operations Thread 50" [_thread_blocked, id=21784, stack(0x000000cbd5c00000,0x000000cbd5d00000)]
  0x0000023699e79f90 JavaThread "Unconstrained build operations Thread 51" [_thread_blocked, id=19176, stack(0x000000cbd5d00000,0x000000cbd5e00000)]
  0x0000023699e7b3d0 JavaThread "Unconstrained build operations Thread 52" [_thread_blocked, id=11212, stack(0x000000cbd5e00000,0x000000cbd5f00000)]
  0x0000023698eed990 JavaThread "Unconstrained build operations Thread 53" [_thread_blocked, id=19428, stack(0x000000cbd5f00000,0x000000cbd6000000)]
  0x0000023698eebb30 JavaThread "Unconstrained build operations Thread 54" [_thread_blocked, id=10228, stack(0x000000cbd6000000,0x000000cbd6100000)]
  0x0000023698eedea0 JavaThread "Unconstrained build operations Thread 55" [_thread_blocked, id=18696, stack(0x000000cbd6100000,0x000000cbd6200000)]
  0x0000023698eee8c0 JavaThread "Unconstrained build operations Thread 56" [_thread_blocked, id=10756, stack(0x000000cbd6200000,0x000000cbd6300000)]
  0x0000023698eee3b0 JavaThread "Unconstrained build operations Thread 57" [_thread_blocked, id=12828, stack(0x000000cbd6300000,0x000000cbd6400000)]
  0x0000023698eec550 JavaThread "Unconstrained build operations Thread 58" [_thread_blocked, id=3532, stack(0x000000cbd6400000,0x000000cbd6500000)]
  0x00000236991ba0b0 JavaThread "Unconstrained build operations Thread 59" [_thread_blocked, id=21416, stack(0x000000cbd6500000,0x000000cbd6600000)]
  0x00000236991ba5c0 JavaThread "Unconstrained build operations Thread 60" [_thread_blocked, id=20692, stack(0x000000cbd6600000,0x000000cbd6700000)]
  0x00000236b4819a90 JavaThread "Unconstrained build operations Thread 61" [_thread_blocked, id=12356, stack(0x000000cbd6700000,0x000000cbd6800000)]
  0x00000236b481a9c0 JavaThread "Unconstrained build operations Thread 62" [_thread_blocked, id=3260, stack(0x000000cbd6800000,0x000000cbd6900000)]
  0x00000236b4818b60 JavaThread "Unconstrained build operations Thread 63" [_thread_blocked, id=20436, stack(0x000000cbd6900000,0x000000cbd6a00000)]
  0x00000236a8338550 JavaThread "Unconstrained build operations Thread 64" [_thread_blocked, id=21408, stack(0x000000cbd6a00000,0x000000cbd6b00000)]
  0x00000236a8338a60 JavaThread "Unconstrained build operations Thread 65" [_thread_blocked, id=16528, stack(0x000000cbd6b00000,0x000000cbd6c00000)]
  0x00000236a8338f70 JavaThread "Unconstrained build operations Thread 66" [_thread_blocked, id=20592, stack(0x000000cbd6c00000,0x000000cbd6d00000)]
  0x00000236a8339990 JavaThread "Unconstrained build operations Thread 67" [_thread_blocked, id=2112, stack(0x000000cbd6d00000,0x000000cbd6e00000)]
  0x00000236a833a3b0 JavaThread "Unconstrained build operations Thread 68" [_thread_blocked, id=6560, stack(0x000000cbd6e00000,0x000000cbd6f00000)]
  0x00000236b4e1d550 JavaThread "Unconstrained build operations Thread 69" [_thread_blocked, id=16124, stack(0x000000cbd6f00000,0x000000cbd7000000)]
  0x000002369e043850 JavaThread "Unconstrained build operations Thread 70" [_thread_blocked, id=16940, stack(0x000000cbd7000000,0x000000cbd7100000)]
  0x000002369e044780 JavaThread "Unconstrained build operations Thread 71" [_thread_blocked, id=9720, stack(0x000000cbd7100000,0x000000cbd7200000)]
  0x00000236b5e1a330 JavaThread "Unconstrained build operations Thread 72" [_thread_blocked, id=4696, stack(0x000000cbd7200000,0x000000cbd7300000)]
  0x00000236b5e184d0 JavaThread "Unconstrained build operations Thread 73" [_thread_blocked, id=20672, stack(0x000000cbd7300000,0x000000cbd7400000)]
  0x00000236b5e189e0 JavaThread "Unconstrained build operations Thread 74" [_thread_blocked, id=21556, stack(0x000000cbd7400000,0x000000cbd7500000)]
  0x00000236b5e17090 JavaThread "Unconstrained build operations Thread 75" [_thread_blocked, id=20528, stack(0x000000cbd7500000,0x000000cbd7600000)]
  0x00000236b5e175a0 JavaThread "Unconstrained build operations Thread 76" [_thread_blocked, id=21260, stack(0x000000cbd7600000,0x000000cbd7700000)]
  0x00000236b5e1a840 JavaThread "Unconstrained build operations Thread 77" [_thread_blocked, id=9812, stack(0x000000cbd7700000,0x000000cbd7800000)]
  0x00000236b5e19400 JavaThread "Unconstrained build operations Thread 78" [_thread_blocked, id=17076, stack(0x000000cbd7800000,0x000000cbd7900000)]
  0x00000236b5e18ef0 JavaThread "Unconstrained build operations Thread 79" [_thread_blocked, id=16280, stack(0x000000cbd7900000,0x000000cbd7a00000)]
  0x00000236b5e19910 JavaThread "Unconstrained build operations Thread 80" [_thread_blocked, id=12976, stack(0x000000cbd7a00000,0x000000cbd7b00000)]
  0x00000236b5e19e20 JavaThread "Unconstrained build operations Thread 81" [_thread_blocked, id=20244, stack(0x000000cbd7b00000,0x000000cbd7c00000)]
  0x00000236b5e17ab0 JavaThread "Unconstrained build operations Thread 82" [_thread_blocked, id=15412, stack(0x000000cbd7c00000,0x000000cbd7d00000)]
  0x00000236bfd14300 JavaThread "Unconstrained build operations Thread 83" [_thread_blocked, id=15780, stack(0x000000cbd7d00000,0x000000cbd7e00000)]
  0x00000236bfd12ec0 JavaThread "Unconstrained build operations Thread 84" [_thread_blocked, id=21648, stack(0x000000cbd7e00000,0x000000cbd7f00000)]
  0x000002369a9485e0 JavaThread "Unconstrained build operations Thread 85" [_thread_blocked, id=19128, stack(0x000000cbd7f00000,0x000000cbd8000000)]
  0x000002369a9476b0 JavaThread "Unconstrained build operations Thread 86" [_thread_blocked, id=16436, stack(0x000000cbd8000000,0x000000cbd8100000)]
  0x000002369a949000 JavaThread "Unconstrained build operations Thread 87" [_thread_blocked, id=16504, stack(0x000000cbd8100000,0x000000cbd8200000)]
  0x000002369a947bc0 JavaThread "Unconstrained build operations Thread 88" [_thread_blocked, id=1356, stack(0x000000cbd8200000,0x000000cbd8300000)]
  0x000002369a9480d0 JavaThread "Unconstrained build operations Thread 89" [_thread_blocked, id=9256, stack(0x000000cbd8400000,0x000000cbd8500000)]
  0x00000236ad546ed0 JavaThread "Unconstrained build operations Thread 90" [_thread_blocked, id=15760, stack(0x000000cbd8500000,0x000000cbd8600000)]
  0x00000236ad544b60 JavaThread "Unconstrained build operations Thread 91" [_thread_blocked, id=18372, stack(0x000000cbd8600000,0x000000cbd8700000)]
  0x00000236ad545070 JavaThread "Unconstrained build operations Thread 92" [_thread_blocked, id=19672, stack(0x000000cbd8700000,0x000000cbd8800000)]
  0x00000236ad545580 JavaThread "Unconstrained build operations Thread 93" [_thread_blocked, id=4224, stack(0x000000cbd8800000,0x000000cbd8900000)]
  0x0000023699e7a4a0 JavaThread "Kotlin DSL Writer" [_thread_blocked, id=2328, stack(0x000000cbd8900000,0x000000cbd8a00000)]
  0x00000236b2ffaab0 JavaThread "build event listener" [_thread_blocked, id=12544, stack(0x000000cbd8c00000,0x000000cbd8d00000)]
  0x000002369e7d2790 JavaThread "included builds" [_thread_blocked, id=6652, stack(0x000000cbd8d00000,0x000000cbd8e00000)]
  0x000002369d9da450 JavaThread "Execution worker" [_thread_blocked, id=12524, stack(0x000000cbd8e00000,0x000000cbd8f00000)]
  0x000002369d9d9010 JavaThread "Execution worker Thread 2" [_thread_blocked, id=17364, stack(0x000000cbd9400000,0x000000cbd9500000)]
  0x000002369d9d9a30 JavaThread "Execution worker Thread 3" [_thread_blocked, id=16992, stack(0x000000cbd9500000,0x000000cbd9600000)]
  0x000002369d9d9f40 JavaThread "Execution worker Thread 4" [_thread_blocked, id=21064, stack(0x000000cbd9600000,0x000000cbd9700000)]
  0x000002369d9d85f0 JavaThread "Execution worker Thread 5" [_thread_blocked, id=19460, stack(0x000000cbd9700000,0x000000cbd9800000)]
  0x000002369d9da960 JavaThread "Execution worker Thread 6" [_thread_blocked, id=10852, stack(0x000000cbd9800000,0x000000cbd9900000)]
  0x000002369d9d80e0 JavaThread "Execution worker Thread 7" [_thread_blocked, id=11276, stack(0x000000cbd9900000,0x000000cbd9a00000)]
  0x000002369d9db380 JavaThread "Execution worker Thread 8" [_thread_blocked, id=10492, stack(0x000000cbd9a00000,0x000000cbd9b00000)]
  0x000002369d9dae70 JavaThread "Execution worker Thread 9" [_thread_blocked, id=8216, stack(0x000000cbd9b00000,0x000000cbd9c00000)]
  0x00000236b30c3870 JavaThread "Execution worker Thread 10" [_thread_blocked, id=16716, stack(0x000000cbd9c00000,0x000000cbd9d00000)]
  0x00000236b30c4cb0 JavaThread "Execution worker Thread 11" [_thread_blocked, id=19908, stack(0x000000cbd9d00000,0x000000cbd9e00000)]
  0x00000236b2ffbef0 JavaThread "Cache worker for execution history cache (D:\Sem 5\Project MAP\SawitKu\.gradle\8.4\executionHistory)" [_thread_blocked, id=21968, stack(0x000000cbd9e00000,0x000000cbd9f00000)]
  0x00000236b2ffce20 JavaThread "Unconstrained build operations Thread 94" [_thread_blocked, id=7156, stack(0x000000cbd9f00000,0x000000cbda000000)]
  0x00000236b2ffc910 JavaThread "Unconstrained build operations Thread 95" [_thread_blocked, id=12152, stack(0x000000cbda000000,0x000000cbda100000)]
  0x00000236b2ffd330 JavaThread "Unconstrained build operations Thread 96" [_thread_blocked, id=4172, stack(0x000000cbda100000,0x000000cbda200000)]
  0x00000236b2ffd840 JavaThread "Unconstrained build operations Thread 97" [_thread_blocked, id=20944, stack(0x000000cbda200000,0x000000cbda300000)]
  0x00000236b2ffb4d0 JavaThread "Unconstrained build operations Thread 98" [_thread_blocked, id=21088, stack(0x000000cbda300000,0x000000cbda400000)]
  0x00000236b2ffb9e0 JavaThread "Unconstrained build operations Thread 99" [_thread_blocked, id=10292, stack(0x000000cbda400000,0x000000cbda500000)]
  0x00000236b2ffafc0 JavaThread "Unconstrained build operations Thread 100" [_thread_blocked, id=20136, stack(0x000000cbd8a00000,0x000000cbd8b00000)]
  0x00000236b2ffc400 JavaThread "Unconstrained build operations Thread 101" [_thread_blocked, id=21388, stack(0x000000cbd8b00000,0x000000cbd8c00000)]
  0x000002369e6e3950 JavaThread "Unconstrained build operations Thread 102" [_thread_blocked, id=9756, stack(0x000000cbda500000,0x000000cbda600000)]
  0x000002369e6e4d90 JavaThread "Unconstrained build operations Thread 103" [_thread_blocked, id=16000, stack(0x000000cbda600000,0x000000cbda700000)]
  0x000002369e6e4370 JavaThread "Unconstrained build operations Thread 104" [_thread_blocked, id=6432, stack(0x000000cbda700000,0x000000cbda800000)]
  0x000002369e6e3440 JavaThread "Unconstrained build operations Thread 105" [_thread_blocked, id=21864, stack(0x000000cbda800000,0x000000cbda900000)]
  0x000002369e6e3e60 JavaThread "Unconstrained build operations Thread 106" [_thread_blocked, id=14876, stack(0x000000cbda900000,0x000000cbdaa00000)]
  0x000002369e6e4880 JavaThread "Unconstrained build operations Thread 107" [_thread_blocked, id=13012, stack(0x000000cbdaa00000,0x000000cbdab00000)]
  0x000002369e6e2a20 JavaThread "Unconstrained build operations Thread 108" [_thread_blocked, id=16752, stack(0x000000cbdab00000,0x000000cbdac00000)]
  0x000002369e6e52a0 JavaThread "Unconstrained build operations Thread 109" [_thread_blocked, id=6552, stack(0x000000cbdac00000,0x000000cbdad00000)]
  0x000002369e6e1af0 JavaThread "Unconstrained build operations Thread 110" [_thread_blocked, id=13948, stack(0x000000cbdad00000,0x000000cbdae00000)]
  0x000002369e6e2000 JavaThread "Unconstrained build operations Thread 111" [_thread_blocked, id=20188, stack(0x000000cbdae00000,0x000000cbdaf00000)]
  0x000002369e6e2510 JavaThread "Unconstrained build operations Thread 112" [_thread_blocked, id=2508, stack(0x000000cbdaf00000,0x000000cbdb000000)]
  0x00000236c2a838c0 JavaThread "Unconstrained build operations Thread 113" [_thread_blocked, id=12572, stack(0x000000cbdb000000,0x000000cbdb100000)]
  0x0000023698c9a5b0 JavaThread "Unconstrained build operations Thread 114" [_thread_blocked, id=14996, stack(0x000000cbdb100000,0x000000cbdb200000)]
  0x0000023698c9ce30 JavaThread "Unconstrained build operations Thread 115" [_thread_blocked, id=18552, stack(0x000000cbdb200000,0x000000cbdb300000)]
  0x0000023698c9afd0 JavaThread "Unconstrained build operations Thread 116" [_thread_blocked, id=1740, stack(0x000000cbdb300000,0x000000cbdb400000)]
  0x0000023698c9e780 JavaThread "Unconstrained build operations Thread 117" [_thread_blocked, id=16164, stack(0x000000cbdb400000,0x000000cbdb500000)]
  0x00000236c2a85c30 JavaThread "Unconstrained build operations Thread 118" [_thread_blocked, id=2012, stack(0x000000cbdb500000,0x000000cbdb600000)]
  0x00000236c2a86650 JavaThread "Unconstrained build operations Thread 119" [_thread_blocked, id=19492, stack(0x000000cbdb600000,0x000000cbdb700000)]
  0x00000236c2a83dd0 JavaThread "Unconstrained build operations Thread 120" [_thread_blocked, id=21860, stack(0x000000cbdb700000,0x000000cbdb800000)]
  0x00000236c2a85720 JavaThread "WorkerExecutor Queue" [_thread_blocked, id=10328, stack(0x000000cbdb800000,0x000000cbdb900000)]
  0x000002369be6c920 JavaThread "WorkerExecutor Queue Thread 2" [_thread_blocked, id=7020, stack(0x000000cbdbb00000,0x000000cbdbc00000)]
  0x000002369be6ce30 JavaThread "WorkerExecutor Queue Thread 3" [_thread_blocked, id=21632, stack(0x000000cbdbc00000,0x000000cbdbd00000)]
  0x000002369a15c790 JavaThread "WorkerExecutor Queue Thread 6" [_thread_blocked, id=8052, stack(0x000000cbdc600000,0x000000cbdc700000)]
  0x000002369a15cca0 JavaThread "WorkerExecutor Queue Thread 7" [_thread_blocked, id=22224, stack(0x000000cbdc700000,0x000000cbdc800000)]
  0x00000236c2a842e0 JavaThread "WorkerExecutor Queue Thread 8" [_thread_blocked, id=20768, stack(0x000000cbdc800000,0x000000cbdc900000)]
  0x00000236c2a86140 JavaThread "WorkerExecutor Queue Thread 10" [_thread_blocked, id=9964, stack(0x000000cbdca00000,0x000000cbdcb00000)]
  0x0000023699e7bdf0 JavaThread "WorkerExecutor Queue Thread 11" [_thread_blocked, id=19304, stack(0x000000cbdcc00000,0x000000cbdcd00000)]
  0x00000236c2a85210 JavaThread "WorkerExecutor Queue Thread 13" [_thread_blocked, id=6128, stack(0x000000cbdce00000,0x000000cbdcf00000)]
  0x000002369d6fd620 JavaThread "C2 CompilerThread1" daemon [_thread_blocked, id=2148, stack(0x000000cbdb900000,0x000000cbdba00000)]
  0x000002369bd96d50 JavaThread "C2 CompilerThread2" daemon [_thread_blocked, id=15640, stack(0x000000cbdba00000,0x000000cbdbb00000)]

Other Threads:
=>0x00000236518aec50 VMThread "VM Thread" [stack: 0x000000cbcf600000,0x000000cbcf700000] [id=6208]
  0x0000023693238340 WatcherThread [stack: 0x000000cbd0300000,0x000000cbd0400000] [id=15572]
  0x0000023633615270 GCTaskThread "GC Thread#0" [stack: 0x000000cbcf100000,0x000000cbcf200000] [id=21356]
  0x0000023698447d60 GCTaskThread "GC Thread#1" [stack: 0x000000cbd0500000,0x000000cbd0600000] [id=17852]
  0x0000023693643320 GCTaskThread "GC Thread#2" [stack: 0x000000cbd0600000,0x000000cbd0700000] [id=19484]
  0x0000023693643bf0 GCTaskThread "GC Thread#3" [stack: 0x000000cbd0700000,0x000000cbd0800000] [id=22180]
  0x00000236982ddf60 GCTaskThread "GC Thread#4" [stack: 0x000000cbd0800000,0x000000cbd0900000] [id=8616]
  0x000002369c49ed10 GCTaskThread "GC Thread#5" [stack: 0x000000cbd1900000,0x000000cbd1a00000] [id=17660]
  0x000002369bf70010 GCTaskThread "GC Thread#6" [stack: 0x000000cbd1a00000,0x000000cbd1b00000] [id=22332]
  0x00000236998fdda0 GCTaskThread "GC Thread#7" [stack: 0x000000cbd1b00000,0x000000cbd1c00000] [id=16252]
  0x000002369a7bcb60 GCTaskThread "GC Thread#8" [stack: 0x000000cbd1c00000,0x000000cbd1d00000] [id=8292]
  0x000002369a7bbda0 GCTaskThread "GC Thread#9" [stack: 0x000000cbd1d00000,0x000000cbd1e00000] [id=21116]
  0x00000236336261c0 ConcurrentGCThread "G1 Main Marker" [stack: 0x000000cbcf200000,0x000000cbcf300000] [id=20760]
  0x0000023633627380 ConcurrentGCThread "G1 Conc#0" [stack: 0x000000cbcf300000,0x000000cbcf400000] [id=7872]
  0x000002369a7bafe0 ConcurrentGCThread "G1 Conc#1" [stack: 0x000000cbd1e00000,0x000000cbd1f00000] [id=10040]
  0x000002369a7bc320 ConcurrentGCThread "G1 Conc#2" [stack: 0x000000cbd1f00000,0x000000cbd2000000] [id=21412]
  0x00000236517642e0 ConcurrentGCThread "G1 Refine#0" [stack: 0x000000cbcf400000,0x000000cbcf500000] [id=9032]
  0x000002369f2618b0 ConcurrentGCThread "G1 Refine#1" [stack: 0x000000cbdbd00000,0x000000cbdbe00000] [id=13880]
  0x000002369ec93bc0 ConcurrentGCThread "G1 Refine#2" [stack: 0x000000cbdbe00000,0x000000cbdbf00000] [id=5760]
  0x000002369f4e0170 ConcurrentGCThread "G1 Refine#3" [stack: 0x000000cbdbf00000,0x000000cbdc000000] [id=12672]
  0x00000236a87c1c00 ConcurrentGCThread "G1 Refine#4" [stack: 0x000000cbdc000000,0x000000cbdc100000] [id=21876]
  0x00000236931d0830 ConcurrentGCThread "G1 Refine#5" [stack: 0x000000cbdc100000,0x000000cbdc200000] [id=6588]
  0x00000236a895a540 ConcurrentGCThread "G1 Refine#6" [stack: 0x000000cbdc200000,0x000000cbdc300000] [id=21572]
  0x00000236a86d3110 ConcurrentGCThread "G1 Refine#7" [stack: 0x000000cbdc300000,0x000000cbdc400000] [id=20324]
  0x00000236a86d2b30 ConcurrentGCThread "G1 Refine#8" [stack: 0x000000cbde700000,0x000000cbde800000] [id=13408]
  0x00000236a87c1910 ConcurrentGCThread "G1 Refine#9" [stack: 0x000000cbde800000,0x000000cbde900000] [id=13528]
  0x000002363366dd10 ConcurrentGCThread "G1 Service" [stack: 0x000000cbcf500000,0x000000cbcf600000] [id=8436]

Threads with active compile tasks:
C2 CompilerThread0  2999816 70171       4       com.android.tools.r8.ir.optimize.s::a (223 bytes)
C1 CompilerThread0  2999816 70919       2       com.android.tools.r8.dex.k::a (96 bytes)
C2 CompilerThread1  2999816 70516       4       com.android.tools.r8.internal.wt::a (412 bytes)
C2 CompilerThread2  2999816 70673       4       com.android.tools.r8.internal.vV::a (495 bytes)

VM state: at safepoint (normal execution)

VM Mutex/Monitor currently owned by a thread:  ([mutex/lock_event])
[0x00000236335b5640] Threads_lock - owner thread: 0x00000236518aec50
[0x00000236335b5fd0] Heap_lock - owner thread: 0x000002369e7d2790

Heap address: 0x0000000080000000, size: 2048 MB, Compressed Oops mode: 32-bit

CDS archive(s) mapped at: [0x0000023652000000-0x0000023652bb0000-0x0000023652bb0000), size 12255232, SharedBaseAddress: 0x0000023652000000, ArchiveRelocationMode: 1.
Compressed class space mapped at: 0x0000023653000000-0x0000023693000000, reserved size: 1073741824
Narrow klass base: 0x0000023652000000, Narrow klass shift: 0, Narrow klass range: 0x100000000

GC Precious Log:
 CPUs: 12 total, 12 available
 Memory: 15711M
 Large Page Support: Disabled
 NUMA Support: Disabled
 Compressed Oops: Enabled (32-bit)
 Heap Region Size: 1M
 Heap Min Capacity: 8M
 Heap Initial Capacity: 246M
 Heap Max Capacity: 2G
 Pre-touch: Disabled
 Parallel Workers: 10
 Concurrent Workers: 3
 Concurrent Refinement Workers: 10
 Periodic GC: Disabled

Heap:
 garbage-first heap   total 1072128K, used 387558K [0x0000000080000000, 0x0000000100000000)
  region size 1024K, 18 young (18432K), 18 survivors (18432K)
 Metaspace       used 306400K, committed 307904K, reserved 1376256K
  class space    used 39088K, committed 39872K, reserved 1048576K

Heap Regions: E=young(eden), S=young(survivor), O=old, HS=humongous(starts), HC=humongous(continues), CS=collection set, F=free, OA=open archive, CA=closed archive, TAMS=top-at-mark-start (previous, next)
|   0|0x0000000080000000, 0x0000000080100000, 0x0000000080100000|100%|HS|  |TAMS 0x0000000080100000, 0x0000000080100000| Complete 
|   1|0x0000000080100000, 0x0000000080200000, 0x0000000080200000|100%|HC|  |TAMS 0x0000000080200000, 0x0000000080200000| Complete 
|   2|0x0000000080200000, 0x0000000080300000, 0x0000000080300000|100%|HC|  |TAMS 0x0000000080300000, 0x0000000080300000| Complete 
|   3|0x0000000080300000, 0x0000000080400000, 0x0000000080400000|100%|HC|  |TAMS 0x0000000080400000, 0x0000000080400000| Complete 
|   4|0x0000000080400000, 0x0000000080500000, 0x0000000080500000|100%| O|  |TAMS 0x0000000080500000, 0x0000000080500000| Untracked 
|   5|0x0000000080500000, 0x0000000080600000, 0x0000000080600000|100%| O|  |TAMS 0x0000000080600000, 0x0000000080600000| Untracked 
|   6|0x0000000080600000, 0x0000000080700000, 0x0000000080700000|100%| O|  |TAMS 0x0000000080700000, 0x0000000080700000| Untracked 
|   7|0x0000000080700000, 0x0000000080800000, 0x0000000080800000|100%| O|  |TAMS 0x0000000080800000, 0x0000000080800000| Untracked 
|   8|0x0000000080800000, 0x0000000080900000, 0x0000000080900000|100%| O|  |TAMS 0x0000000080900000, 0x0000000080900000| Untracked 
|   9|0x0000000080900000, 0x0000000080a00000, 0x0000000080a00000|100%| O|  |TAMS 0x0000000080a00000, 0x0000000080a00000| Untracked 
|  10|0x0000000080a00000, 0x0000000080b00000, 0x0000000080b00000|100%| O|  |TAMS 0x0000000080b00000, 0x0000000080b00000| Untracked 
|  11|0x0000000080b00000, 0x0000000080c00000, 0x0000000080c00000|100%| O|  |TAMS 0x0000000080c00000, 0x0000000080c00000| Untracked 
|  12|0x0000000080c00000, 0x0000000080d00000, 0x0000000080d00000|100%| O|  |TAMS 0x0000000080d00000, 0x0000000080d00000| Untracked 
|  13|0x0000000080d00000, 0x0000000080e00000, 0x0000000080e00000|100%| O|  |TAMS 0x0000000080e00000, 0x0000000080e00000| Untracked 
|  14|0x0000000080e00000, 0x0000000080f00000, 0x0000000080f00000|100%| O|  |TAMS 0x0000000080f00000, 0x0000000080f00000| Untracked 
|  15|0x0000000080f00000, 0x0000000081000000, 0x0000000081000000|100%| O|  |TAMS 0x0000000081000000, 0x0000000081000000| Untracked 
|  16|0x0000000081000000, 0x0000000081100000, 0x0000000081100000|100%| O|  |TAMS 0x0000000081100000, 0x0000000081100000| Untracked 
|  17|0x0000000081100000, 0x0000000081200000, 0x0000000081200000|100%| O|  |TAMS 0x0000000081200000, 0x0000000081200000| Untracked 
|  18|0x0000000081200000, 0x0000000081300000, 0x0000000081300000|100%| O|  |TAMS 0x0000000081300000, 0x0000000081300000| Untracked 
|  19|0x0000000081300000, 0x0000000081400000, 0x0000000081400000|100%| O|  |TAMS 0x0000000081400000, 0x0000000081400000| Untracked 
|  20|0x0000000081400000, 0x0000000081500000, 0x0000000081500000|100%| O|  |TAMS 0x0000000081500000, 0x0000000081500000| Untracked 
|  21|0x0000000081500000, 0x0000000081600000, 0x0000000081600000|100%| O|  |TAMS 0x0000000081600000, 0x0000000081600000| Untracked 
|  22|0x0000000081600000, 0x0000000081700000, 0x0000000081700000|100%| O|  |TAMS 0x0000000081700000, 0x0000000081700000| Untracked 
|  23|0x0000000081700000, 0x0000000081800000, 0x0000000081800000|100%| O|  |TAMS 0x0000000081800000, 0x0000000081800000| Untracked 
|  24|0x0000000081800000, 0x0000000081900000, 0x0000000081900000|100%| O|  |TAMS 0x0000000081900000, 0x0000000081900000| Untracked 
|  25|0x0000000081900000, 0x0000000081a00000, 0x0000000081a00000|100%| O|  |TAMS 0x0000000081a00000, 0x0000000081a00000| Untracked 
|  26|0x0000000081a00000, 0x0000000081b00000, 0x0000000081b00000|100%| O|  |TAMS 0x0000000081b00000, 0x0000000081b00000| Untracked 
|  27|0x0000000081b00000, 0x0000000081c00000, 0x0000000081c00000|100%| O|  |TAMS 0x0000000081c00000, 0x0000000081c00000| Untracked 
|  28|0x0000000081c00000, 0x0000000081d00000, 0x0000000081d00000|100%| O|  |TAMS 0x0000000081d00000, 0x0000000081d00000| Untracked 
|  29|0x0000000081d00000, 0x0000000081e00000, 0x0000000081e00000|100%| O|  |TAMS 0x0000000081e00000, 0x0000000081e00000| Untracked 
|  30|0x0000000081e00000, 0x0000000081f00000, 0x0000000081f00000|100%| O|  |TAMS 0x0000000081f00000, 0x0000000081f00000| Untracked 
|  31|0x0000000081f00000, 0x0000000082000000, 0x0000000082000000|100%| O|  |TAMS 0x0000000082000000, 0x0000000082000000| Untracked 
|  32|0x0000000082000000, 0x0000000082100000, 0x0000000082100000|100%| O|  |TAMS 0x0000000082100000, 0x0000000082100000| Untracked 
|  33|0x0000000082100000, 0x0000000082200000, 0x0000000082200000|100%| O|  |TAMS 0x0000000082200000, 0x0000000082200000| Untracked 
|  34|0x0000000082200000, 0x0000000082300000, 0x0000000082300000|100%| O|  |TAMS 0x0000000082300000, 0x0000000082300000| Untracked 
|  35|0x0000000082300000, 0x0000000082400000, 0x0000000082400000|100%| O|  |TAMS 0x0000000082400000, 0x0000000082400000| Untracked 
|  36|0x0000000082400000, 0x0000000082500000, 0x0000000082500000|100%| O|  |TAMS 0x0000000082500000, 0x0000000082500000| Untracked 
|  37|0x0000000082500000, 0x0000000082600000, 0x0000000082600000|100%| O|  |TAMS 0x0000000082600000, 0x0000000082600000| Untracked 
|  38|0x0000000082600000, 0x0000000082700000, 0x0000000082700000|100%| O|  |TAMS 0x0000000082700000, 0x0000000082700000| Untracked 
|  39|0x0000000082700000, 0x0000000082800000, 0x0000000082800000|100%| O|  |TAMS 0x0000000082800000, 0x0000000082800000| Untracked 
|  40|0x0000000082800000, 0x0000000082900000, 0x0000000082900000|100%| O|  |TAMS 0x0000000082900000, 0x0000000082900000| Untracked 
|  41|0x0000000082900000, 0x0000000082a00000, 0x0000000082a00000|100%| O|  |TAMS 0x0000000082a00000, 0x0000000082a00000| Untracked 
|  42|0x0000000082a00000, 0x0000000082b00000, 0x0000000082b00000|100%| O|  |TAMS 0x0000000082b00000, 0x0000000082b00000| Untracked 
|  43|0x0000000082b00000, 0x0000000082c00000, 0x0000000082c00000|100%| O|  |TAMS 0x0000000082c00000, 0x0000000082c00000| Untracked 
|  44|0x0000000082c00000, 0x0000000082d00000, 0x0000000082d00000|100%| O|  |TAMS 0x0000000082d00000, 0x0000000082d00000| Untracked 
|  45|0x0000000082d00000, 0x0000000082e00000, 0x0000000082e00000|100%| O|  |TAMS 0x0000000082e00000, 0x0000000082e00000| Untracked 
|  46|0x0000000082e00000, 0x0000000082f00000, 0x0000000082f00000|100%| O|  |TAMS 0x0000000082f00000, 0x0000000082f00000| Untracked 
|  47|0x0000000082f00000, 0x0000000083000000, 0x0000000083000000|100%| O|  |TAMS 0x0000000083000000, 0x0000000083000000| Untracked 
|  48|0x0000000083000000, 0x0000000083100000, 0x0000000083100000|100%| O|  |TAMS 0x0000000083100000, 0x0000000083100000| Untracked 
|  49|0x0000000083100000, 0x0000000083200000, 0x0000000083200000|100%| O|  |TAMS 0x0000000083200000, 0x0000000083200000| Untracked 
|  50|0x0000000083200000, 0x0000000083300000, 0x0000000083300000|100%| O|  |TAMS 0x0000000083300000, 0x0000000083300000| Untracked 
|  51|0x0000000083300000, 0x0000000083400000, 0x0000000083400000|100%| O|  |TAMS 0x0000000083400000, 0x0000000083400000| Untracked 
|  52|0x0000000083400000, 0x0000000083500000, 0x0000000083500000|100%| O|  |TAMS 0x0000000083500000, 0x0000000083500000| Untracked 
|  53|0x0000000083500000, 0x0000000083500000, 0x0000000083600000|  0%| F|  |TAMS 0x0000000083500000, 0x0000000083500000| Untracked 
|  54|0x0000000083600000, 0x0000000083700000, 0x0000000083700000|100%| O|  |TAMS 0x0000000083700000, 0x0000000083700000| Untracked 
|  55|0x0000000083700000, 0x0000000083800000, 0x0000000083800000|100%| O|  |TAMS 0x0000000083800000, 0x0000000083800000| Untracked 
|  56|0x0000000083800000, 0x0000000083900000, 0x0000000083900000|100%| O|  |TAMS 0x0000000083900000, 0x0000000083900000| Untracked 
|  57|0x0000000083900000, 0x0000000083a00000, 0x0000000083a00000|100%| O|  |TAMS 0x0000000083a00000, 0x0000000083a00000| Untracked 
|  58|0x0000000083a00000, 0x0000000083b00000, 0x0000000083b00000|100%| O|  |TAMS 0x0000000083b00000, 0x0000000083b00000| Untracked 
|  59|0x0000000083b00000, 0x0000000083c00000, 0x0000000083c00000|100%| O|  |TAMS 0x0000000083c00000, 0x0000000083c00000| Untracked 
|  60|0x0000000083c00000, 0x0000000083d00000, 0x0000000083d00000|100%| O|  |TAMS 0x0000000083d00000, 0x0000000083d00000| Untracked 
|  61|0x0000000083d00000, 0x0000000083e00000, 0x0000000083e00000|100%| O|  |TAMS 0x0000000083e00000, 0x0000000083e00000| Untracked 
|  62|0x0000000083e00000, 0x0000000083f00000, 0x0000000083f00000|100%| O|  |TAMS 0x0000000083f00000, 0x0000000083f00000| Untracked 
|  63|0x0000000083f00000, 0x0000000083f00000, 0x0000000084000000|  0%| F|  |TAMS 0x0000000083f00000, 0x0000000083f00000| Untracked 
|  64|0x0000000084000000, 0x0000000084100000, 0x0000000084100000|100%| O|  |TAMS 0x0000000084100000, 0x0000000084100000| Untracked 
|  65|0x0000000084100000, 0x0000000084200000, 0x0000000084200000|100%| O|  |TAMS 0x0000000084200000, 0x0000000084200000| Untracked 
|  66|0x0000000084200000, 0x0000000084300000, 0x0000000084300000|100%| O|  |TAMS 0x0000000084300000, 0x0000000084300000| Untracked 
|  67|0x0000000084300000, 0x0000000084400000, 0x0000000084400000|100%| O|  |TAMS 0x0000000084400000, 0x0000000084400000| Untracked 
|  68|0x0000000084400000, 0x0000000084500000, 0x0000000084500000|100%| O|  |TAMS 0x0000000084500000, 0x0000000084500000| Untracked 
|  69|0x0000000084500000, 0x0000000084600000, 0x0000000084600000|100%| O|  |TAMS 0x0000000084600000, 0x0000000084600000| Untracked 
|  70|0x0000000084600000, 0x0000000084700000, 0x0000000084700000|100%| O|  |TAMS 0x0000000084700000, 0x0000000084700000| Untracked 
|  71|0x0000000084700000, 0x0000000084800000, 0x0000000084800000|100%| O|  |TAMS 0x0000000084800000, 0x0000000084800000| Untracked 
|  72|0x0000000084800000, 0x0000000084900000, 0x0000000084900000|100%| O|  |TAMS 0x0000000084900000, 0x0000000084900000| Untracked 
|  73|0x0000000084900000, 0x0000000084a00000, 0x0000000084a00000|100%| O|  |TAMS 0x0000000084a00000, 0x0000000084a00000| Untracked 
|  74|0x0000000084a00000, 0x0000000084b00000, 0x0000000084b00000|100%| O|  |TAMS 0x0000000084b00000, 0x0000000084b00000| Untracked 
|  75|0x0000000084b00000, 0x0000000084c00000, 0x0000000084c00000|100%| O|  |TAMS 0x0000000084c00000, 0x0000000084c00000| Untracked 
|  76|0x0000000084c00000, 0x0000000084d00000, 0x0000000084d00000|100%| O|  |TAMS 0x0000000084d00000, 0x0000000084d00000| Untracked 
|  77|0x0000000084d00000, 0x0000000084e00000, 0x0000000084e00000|100%| O|  |TAMS 0x0000000084e00000, 0x0000000084e00000| Untracked 
|  78|0x0000000084e00000, 0x0000000084f00000, 0x0000000084f00000|100%| O|  |TAMS 0x0000000084f00000, 0x0000000084f00000| Untracked 
|  79|0x0000000084f00000, 0x0000000085000000, 0x0000000085000000|100%| O|  |TAMS 0x0000000085000000, 0x0000000085000000| Untracked 
|  80|0x0000000085000000, 0x0000000085100000, 0x0000000085100000|100%| O|  |TAMS 0x0000000085100000, 0x0000000085100000| Untracked 
|  81|0x0000000085100000, 0x0000000085200000, 0x0000000085200000|100%| O|  |TAMS 0x0000000085200000, 0x0000000085200000| Untracked 
|  82|0x0000000085200000, 0x0000000085300000, 0x0000000085300000|100%| O|  |TAMS 0x0000000085300000, 0x0000000085300000| Untracked 
|  83|0x0000000085300000, 0x0000000085400000, 0x0000000085400000|100%| O|  |TAMS 0x0000000085400000, 0x0000000085400000| Untracked 
|  84|0x0000000085400000, 0x0000000085500000, 0x0000000085500000|100%| O|  |TAMS 0x0000000085500000, 0x0000000085500000| Untracked 
|  85|0x0000000085500000, 0x0000000085600000, 0x0000000085600000|100%| O|  |TAMS 0x0000000085600000, 0x0000000085600000| Untracked 
|  86|0x0000000085600000, 0x0000000085600000, 0x0000000085700000|  0%| F|  |TAMS 0x0000000085600000, 0x0000000085600000| Untracked 
|  87|0x0000000085700000, 0x0000000085800000, 0x0000000085800000|100%| O|  |TAMS 0x0000000085800000, 0x0000000085800000| Untracked 
|  88|0x0000000085800000, 0x0000000085800000, 0x0000000085900000|  0%| F|  |TAMS 0x0000000085800000, 0x0000000085800000| Untracked 
|  89|0x0000000085900000, 0x0000000085a00000, 0x0000000085a00000|100%| O|  |TAMS 0x0000000085a00000, 0x0000000085a00000| Untracked 
|  90|0x0000000085a00000, 0x0000000085b00000, 0x0000000085b00000|100%| O|  |TAMS 0x0000000085b00000, 0x0000000085b00000| Untracked 
|  91|0x0000000085b00000, 0x0000000085c00000, 0x0000000085c00000|100%| O|  |TAMS 0x0000000085c00000, 0x0000000085c00000| Untracked 
|  92|0x0000000085c00000, 0x0000000085d00000, 0x0000000085d00000|100%| O|  |TAMS 0x0000000085d00000, 0x0000000085d00000| Untracked 
|  93|0x0000000085d00000, 0x0000000085e00000, 0x0000000085e00000|100%| O|  |TAMS 0x0000000085e00000, 0x0000000085e00000| Untracked 
|  94|0x0000000085e00000, 0x0000000085f00000, 0x0000000085f00000|100%| O|  |TAMS 0x0000000085f00000, 0x0000000085f00000| Untracked 
|  95|0x0000000085f00000, 0x0000000086000000, 0x0000000086000000|100%| O|  |TAMS 0x0000000086000000, 0x0000000086000000| Untracked 
|  96|0x0000000086000000, 0x0000000086100000, 0x0000000086100000|100%| O|  |TAMS 0x0000000086100000, 0x0000000086100000| Untracked 
|  97|0x0000000086100000, 0x0000000086200000, 0x0000000086200000|100%| O|  |TAMS 0x0000000086200000, 0x0000000086200000| Untracked 
|  98|0x0000000086200000, 0x0000000086300000, 0x0000000086300000|100%|HS|  |TAMS 0x0000000086300000, 0x0000000086300000| Complete 
|  99|0x0000000086300000, 0x0000000086300000, 0x0000000086400000|  0%| F|  |TAMS 0x0000000086300000, 0x0000000086300000| Untracked 
| 100|0x0000000086400000, 0x0000000086500000, 0x0000000086500000|100%|HS|  |TAMS 0x0000000086500000, 0x0000000086500000| Complete 
| 101|0x0000000086500000, 0x0000000086600000, 0x0000000086600000|100%| O|  |TAMS 0x0000000086600000, 0x0000000086600000| Untracked 
| 102|0x0000000086600000, 0x0000000086700000, 0x0000000086700000|100%| O|  |TAMS 0x0000000086700000, 0x0000000086700000| Untracked 
| 103|0x0000000086700000, 0x0000000086800000, 0x0000000086800000|100%| O|  |TAMS 0x0000000086800000, 0x0000000086800000| Untracked 
| 104|0x0000000086800000, 0x0000000086900000, 0x0000000086900000|100%| O|  |TAMS 0x0000000086900000, 0x0000000086900000| Untracked 
| 105|0x0000000086900000, 0x0000000086900000, 0x0000000086a00000|  0%| F|  |TAMS 0x0000000086900000, 0x0000000086900000| Untracked 
| 106|0x0000000086a00000, 0x0000000086b00000, 0x0000000086b00000|100%|HS|  |TAMS 0x0000000086b00000, 0x0000000086b00000| Complete 
| 107|0x0000000086b00000, 0x0000000086c00000, 0x0000000086c00000|100%|HC|  |TAMS 0x0000000086c00000, 0x0000000086c00000| Complete 
| 108|0x0000000086c00000, 0x0000000086d00000, 0x0000000086d00000|100%|HS|  |TAMS 0x0000000086d00000, 0x0000000086d00000| Complete 
| 109|0x0000000086d00000, 0x0000000086e00000, 0x0000000086e00000|100%|HS|  |TAMS 0x0000000086e00000, 0x0000000086e00000| Complete 
| 110|0x0000000086e00000, 0x0000000086f00000, 0x0000000086f00000|100%|HC|  |TAMS 0x0000000086f00000, 0x0000000086f00000| Complete 
| 111|0x0000000086f00000, 0x0000000087000000, 0x0000000087000000|100%| O|  |TAMS 0x0000000087000000, 0x0000000087000000| Untracked 
| 112|0x0000000087000000, 0x0000000087100000, 0x0000000087100000|100%|HS|  |TAMS 0x0000000087100000, 0x0000000087100000| Complete 
| 113|0x0000000087100000, 0x0000000087200000, 0x0000000087200000|100%| O|  |TAMS 0x0000000087200000, 0x0000000087200000| Untracked 
| 114|0x0000000087200000, 0x0000000087300000, 0x0000000087300000|100%| O|  |TAMS 0x0000000087300000, 0x0000000087300000| Untracked 
| 115|0x0000000087300000, 0x0000000087300000, 0x0000000087400000|  0%| F|  |TAMS 0x0000000087300000, 0x0000000087300000| Untracked 
| 116|0x0000000087400000, 0x0000000087500000, 0x0000000087500000|100%| O|  |TAMS 0x0000000087500000, 0x0000000087500000| Untracked 
| 117|0x0000000087500000, 0x0000000087600000, 0x0000000087600000|100%|HS|  |TAMS 0x0000000087600000, 0x0000000087600000| Complete 
| 118|0x0000000087600000, 0x0000000087700000, 0x0000000087700000|100%|HC|  |TAMS 0x0000000087700000, 0x0000000087700000| Complete 
| 119|0x0000000087700000, 0x0000000087800000, 0x0000000087800000|100%|HC|  |TAMS 0x0000000087800000, 0x0000000087800000| Complete 
| 120|0x0000000087800000, 0x0000000087900000, 0x0000000087900000|100%|HC|  |TAMS 0x0000000087900000, 0x0000000087900000| Complete 
| 121|0x0000000087900000, 0x0000000087a00000, 0x0000000087a00000|100%|HS|  |TAMS 0x0000000087a00000, 0x0000000087a00000| Complete 
| 122|0x0000000087a00000, 0x0000000087b00000, 0x0000000087b00000|100%|HC|  |TAMS 0x0000000087b00000, 0x0000000087b00000| Complete 
| 123|0x0000000087b00000, 0x0000000087c00000, 0x0000000087c00000|100%|HC|  |TAMS 0x0000000087c00000, 0x0000000087c00000| Complete 
| 124|0x0000000087c00000, 0x0000000087d00000, 0x0000000087d00000|100%|HC|  |TAMS 0x0000000087d00000, 0x0000000087d00000| Complete 
| 125|0x0000000087d00000, 0x0000000087e00000, 0x0000000087e00000|100%|HS|  |TAMS 0x0000000087e00000, 0x0000000087e00000| Complete 
| 126|0x0000000087e00000, 0x0000000087f00000, 0x0000000087f00000|100%| O|  |TAMS 0x0000000087f00000, 0x0000000087f00000| Untracked 
| 127|0x0000000087f00000, 0x0000000088000000, 0x0000000088000000|100%| O|  |TAMS 0x0000000088000000, 0x0000000088000000| Untracked 
| 128|0x0000000088000000, 0x0000000088100000, 0x0000000088100000|100%| O|  |TAMS 0x0000000088100000, 0x0000000088100000| Untracked 
| 129|0x0000000088100000, 0x0000000088200000, 0x0000000088200000|100%| O|  |TAMS 0x0000000088200000, 0x0000000088200000| Untracked 
| 130|0x0000000088200000, 0x0000000088300000, 0x0000000088300000|100%| O|  |TAMS 0x0000000088300000, 0x0000000088300000| Untracked 
| 131|0x0000000088300000, 0x0000000088400000, 0x0000000088400000|100%| O|  |TAMS 0x0000000088400000, 0x0000000088400000| Untracked 
| 132|0x0000000088400000, 0x0000000088500000, 0x0000000088500000|100%| O|  |TAMS 0x0000000088500000, 0x0000000088500000| Untracked 
| 133|0x0000000088500000, 0x0000000088600000, 0x0000000088600000|100%| O|  |TAMS 0x0000000088600000, 0x0000000088600000| Untracked 
| 134|0x0000000088600000, 0x0000000088700000, 0x0000000088700000|100%| O|  |TAMS 0x0000000088700000, 0x0000000088700000| Untracked 
| 135|0x0000000088700000, 0x0000000088800000, 0x0000000088800000|100%| O|  |TAMS 0x0000000088800000, 0x0000000088800000| Untracked 
| 136|0x0000000088800000, 0x0000000088900000, 0x0000000088900000|100%| O|  |TAMS 0x0000000088900000, 0x0000000088900000| Untracked 
| 137|0x0000000088900000, 0x0000000088a00000, 0x0000000088a00000|100%| O|  |TAMS 0x0000000088a00000, 0x0000000088a00000| Untracked 
| 138|0x0000000088a00000, 0x0000000088b00000, 0x0000000088b00000|100%| O|  |TAMS 0x0000000088b00000, 0x0000000088b00000| Untracked 
| 139|0x0000000088b00000, 0x0000000088c00000, 0x0000000088c00000|100%| O|  |TAMS 0x0000000088c00000, 0x0000000088c00000| Untracked 
| 140|0x0000000088c00000, 0x0000000088d00000, 0x0000000088d00000|100%| O|  |TAMS 0x0000000088d00000, 0x0000000088d00000| Untracked 
| 141|0x0000000088d00000, 0x0000000088e00000, 0x0000000088e00000|100%| O|  |TAMS 0x0000000088e00000, 0x0000000088e00000| Untracked 
| 142|0x0000000088e00000, 0x0000000088f00000, 0x0000000088f00000|100%| O|  |TAMS 0x0000000088f00000, 0x0000000088f00000| Untracked 
| 143|0x0000000088f00000, 0x0000000089000000, 0x0000000089000000|100%| O|  |TAMS 0x0000000089000000, 0x0000000089000000| Untracked 
| 144|0x0000000089000000, 0x0000000089100000, 0x0000000089100000|100%| O|  |TAMS 0x0000000089100000, 0x0000000089100000| Untracked 
| 145|0x0000000089100000, 0x0000000089200000, 0x0000000089200000|100%| O|  |TAMS 0x0000000089200000, 0x0000000089200000| Untracked 
| 146|0x0000000089200000, 0x0000000089300000, 0x0000000089300000|100%| O|  |TAMS 0x0000000089300000, 0x0000000089300000| Untracked 
| 147|0x0000000089300000, 0x0000000089400000, 0x0000000089400000|100%| O|  |TAMS 0x0000000089400000, 0x0000000089400000| Untracked 
| 148|0x0000000089400000, 0x0000000089500000, 0x0000000089500000|100%| O|  |TAMS 0x0000000089500000, 0x0000000089500000| Untracked 
| 149|0x0000000089500000, 0x0000000089600000, 0x0000000089600000|100%| O|  |TAMS 0x0000000089600000, 0x0000000089600000| Untracked 
| 150|0x0000000089600000, 0x0000000089700000, 0x0000000089700000|100%| O|  |TAMS 0x0000000089700000, 0x0000000089700000| Untracked 
| 151|0x0000000089700000, 0x0000000089800000, 0x0000000089800000|100%| O|  |TAMS 0x0000000089800000, 0x0000000089800000| Untracked 
| 152|0x0000000089800000, 0x0000000089900000, 0x0000000089900000|100%| O|  |TAMS 0x0000000089900000, 0x0000000089900000| Untracked 
| 153|0x0000000089900000, 0x0000000089a00000, 0x0000000089a00000|100%| O|  |TAMS 0x0000000089a00000, 0x0000000089a00000| Untracked 
| 154|0x0000000089a00000, 0x0000000089b00000, 0x0000000089b00000|100%| O|  |TAMS 0x0000000089b00000, 0x0000000089b00000| Untracked 
| 155|0x0000000089b00000, 0x0000000089c00000, 0x0000000089c00000|100%| O|  |TAMS 0x0000000089c00000, 0x0000000089c00000| Untracked 
| 156|0x0000000089c00000, 0x0000000089d00000, 0x0000000089d00000|100%| O|  |TAMS 0x0000000089d00000, 0x0000000089d00000| Untracked 
| 157|0x0000000089d00000, 0x0000000089e00000, 0x0000000089e00000|100%| O|  |TAMS 0x0000000089e00000, 0x0000000089e00000| Untracked 
| 158|0x0000000089e00000, 0x0000000089f00000, 0x0000000089f00000|100%| O|  |TAMS 0x0000000089f00000, 0x0000000089f00000| Untracked 
| 159|0x0000000089f00000, 0x000000008a000000, 0x000000008a000000|100%| O|  |TAMS 0x000000008a000000, 0x000000008a000000| Untracked 
| 160|0x000000008a000000, 0x000000008a100000, 0x000000008a100000|100%| O|  |TAMS 0x000000008a100000, 0x000000008a100000| Untracked 
| 161|0x000000008a100000, 0x000000008a200000, 0x000000008a200000|100%| O|  |TAMS 0x000000008a200000, 0x000000008a200000| Untracked 
| 162|0x000000008a200000, 0x000000008a300000, 0x000000008a300000|100%| O|  |TAMS 0x000000008a300000, 0x000000008a300000| Untracked 
| 163|0x000000008a300000, 0x000000008a400000, 0x000000008a400000|100%| O|  |TAMS 0x000000008a400000, 0x000000008a400000| Untracked 
| 164|0x000000008a400000, 0x000000008a500000, 0x000000008a500000|100%| O|  |TAMS 0x000000008a500000, 0x000000008a500000| Untracked 
| 165|0x000000008a500000, 0x000000008a600000, 0x000000008a600000|100%| O|  |TAMS 0x000000008a600000, 0x000000008a600000| Untracked 
| 166|0x000000008a600000, 0x000000008a700000, 0x000000008a700000|100%| O|  |TAMS 0x000000008a700000, 0x000000008a700000| Untracked 
| 167|0x000000008a700000, 0x000000008a800000, 0x000000008a800000|100%| O|  |TAMS 0x000000008a800000, 0x000000008a800000| Untracked 
| 168|0x000000008a800000, 0x000000008a800000, 0x000000008a900000|  0%| F|  |TAMS 0x000000008a800000, 0x000000008a800000| Untracked 
| 169|0x000000008a900000, 0x000000008aa00000, 0x000000008aa00000|100%| O|  |TAMS 0x000000008aa00000, 0x000000008aa00000| Untracked 
| 170|0x000000008aa00000, 0x000000008ab00000, 0x000000008ab00000|100%| O|  |TAMS 0x000000008ab00000, 0x000000008ab00000| Untracked 
| 171|0x000000008ab00000, 0x000000008ac00000, 0x000000008ac00000|100%| O|  |TAMS 0x000000008ac00000, 0x000000008ac00000| Untracked 
| 172|0x000000008ac00000, 0x000000008ad00000, 0x000000008ad00000|100%| O|  |TAMS 0x000000008ad00000, 0x000000008ad00000| Untracked 
| 173|0x000000008ad00000, 0x000000008ae00000, 0x000000008ae00000|100%| O|  |TAMS 0x000000008ae00000, 0x000000008ae00000| Untracked 
| 174|0x000000008ae00000, 0x000000008af00000, 0x000000008af00000|100%| O|  |TAMS 0x000000008af00000, 0x000000008af00000| Untracked 
| 175|0x000000008af00000, 0x000000008b000000, 0x000000008b000000|100%| O|  |TAMS 0x000000008b000000, 0x000000008b000000| Untracked 
| 176|0x000000008b000000, 0x000000008b100000, 0x000000008b100000|100%| O|  |TAMS 0x000000008b100000, 0x000000008b100000| Untracked 
| 177|0x000000008b100000, 0x000000008b200000, 0x000000008b200000|100%| O|  |TAMS 0x000000008b200000, 0x000000008b200000| Untracked 
| 178|0x000000008b200000, 0x000000008b300000, 0x000000008b300000|100%| O|  |TAMS 0x000000008b300000, 0x000000008b300000| Untracked 
| 179|0x000000008b300000, 0x000000008b300000, 0x000000008b400000|  0%| F|  |TAMS 0x000000008b300000, 0x000000008b300000| Untracked 
| 180|0x000000008b400000, 0x000000008b400000, 0x000000008b500000|  0%| F|  |TAMS 0x000000008b400000, 0x000000008b400000| Untracked 
| 181|0x000000008b500000, 0x000000008b600000, 0x000000008b600000|100%| O|  |TAMS 0x000000008b600000, 0x000000008b600000| Untracked 
| 182|0x000000008b600000, 0x000000008b700000, 0x000000008b700000|100%| O|  |TAMS 0x000000008b700000, 0x000000008b700000| Untracked 
| 183|0x000000008b700000, 0x000000008b800000, 0x000000008b800000|100%| O|  |TAMS 0x000000008b800000, 0x000000008b800000| Untracked 
| 184|0x000000008b800000, 0x000000008b900000, 0x000000008b900000|100%| O|  |TAMS 0x000000008b900000, 0x000000008b900000| Untracked 
| 185|0x000000008b900000, 0x000000008ba00000, 0x000000008ba00000|100%| O|  |TAMS 0x000000008ba00000, 0x000000008ba00000| Untracked 
| 186|0x000000008ba00000, 0x000000008bb00000, 0x000000008bb00000|100%| O|  |TAMS 0x000000008bb00000, 0x000000008bb00000| Untracked 
| 187|0x000000008bb00000, 0x000000008bc00000, 0x000000008bc00000|100%| O|  |TAMS 0x000000008bc00000, 0x000000008bc00000| Untracked 
| 188|0x000000008bc00000, 0x000000008bd00000, 0x000000008bd00000|100%| O|  |TAMS 0x000000008bd00000, 0x000000008bd00000| Untracked 
| 189|0x000000008bd00000, 0x000000008be00000, 0x000000008be00000|100%| O|  |TAMS 0x000000008bd00000, 0x000000008be00000| Untracked 
| 190|0x000000008be00000, 0x000000008bf00000, 0x000000008bf00000|100%| O|  |TAMS 0x000000008bf00000, 0x000000008bf00000| Untracked 
| 191|0x000000008bf00000, 0x000000008c000000, 0x000000008c000000|100%| O|  |TAMS 0x000000008c000000, 0x000000008c000000| Untracked 
| 192|0x000000008c000000, 0x000000008c100000, 0x000000008c100000|100%| O|  |TAMS 0x000000008c100000, 0x000000008c100000| Untracked 
| 193|0x000000008c100000, 0x000000008c200000, 0x000000008c200000|100%| O|  |TAMS 0x000000008c200000, 0x000000008c200000| Untracked 
| 194|0x000000008c200000, 0x000000008c300000, 0x000000008c300000|100%| O|  |TAMS 0x000000008c300000, 0x000000008c300000| Untracked 
| 195|0x000000008c300000, 0x000000008c400000, 0x000000008c400000|100%| O|  |TAMS 0x000000008c400000, 0x000000008c400000| Untracked 
| 196|0x000000008c400000, 0x000000008c500000, 0x000000008c500000|100%| O|  |TAMS 0x000000008c500000, 0x000000008c500000| Untracked 
| 197|0x000000008c500000, 0x000000008c500000, 0x000000008c600000|  0%| F|  |TAMS 0x000000008c500000, 0x000000008c500000| Untracked 
| 198|0x000000008c600000, 0x000000008c700000, 0x000000008c700000|100%| O|  |TAMS 0x000000008c700000, 0x000000008c700000| Untracked 
| 199|0x000000008c700000, 0x000000008c800000, 0x000000008c800000|100%| O|  |TAMS 0x000000008c800000, 0x000000008c800000| Untracked 
| 200|0x000000008c800000, 0x000000008c900000, 0x000000008c900000|100%| O|  |TAMS 0x000000008c900000, 0x000000008c900000| Untracked 
| 201|0x000000008c900000, 0x000000008ca00000, 0x000000008ca00000|100%| O|  |TAMS 0x000000008ca00000, 0x000000008ca00000| Untracked 
| 202|0x000000008ca00000, 0x000000008cb00000, 0x000000008cb00000|100%| O|  |TAMS 0x000000008cb00000, 0x000000008cb00000| Untracked 
| 203|0x000000008cb00000, 0x000000008cc00000, 0x000000008cc00000|100%| O|  |TAMS 0x000000008cc00000, 0x000000008cc00000| Untracked 
| 204|0x000000008cc00000, 0x000000008cd00000, 0x000000008cd00000|100%| O|  |TAMS 0x000000008cd00000, 0x000000008cd00000| Untracked 
| 205|0x000000008cd00000, 0x000000008ce00000, 0x000000008ce00000|100%| O|  |TAMS 0x000000008cd00000, 0x000000008ce00000| Untracked 
| 206|0x000000008ce00000, 0x000000008cf00000, 0x000000008cf00000|100%| O|  |TAMS 0x000000008cf00000, 0x000000008cf00000| Untracked 
| 207|0x000000008cf00000, 0x000000008d000000, 0x000000008d000000|100%| O|  |TAMS 0x000000008d000000, 0x000000008d000000| Untracked 
| 208|0x000000008d000000, 0x000000008d100000, 0x000000008d100000|100%| O|  |TAMS 0x000000008d100000, 0x000000008d100000| Untracked 
| 209|0x000000008d100000, 0x000000008d100000, 0x000000008d200000|  0%| F|  |TAMS 0x000000008d100000, 0x000000008d100000| Untracked 
| 210|0x000000008d200000, 0x000000008d300000, 0x000000008d300000|100%| O|  |TAMS 0x000000008d300000, 0x000000008d300000| Untracked 
| 211|0x000000008d300000, 0x000000008d400000, 0x000000008d400000|100%| O|  |TAMS 0x000000008d400000, 0x000000008d400000| Untracked 
| 212|0x000000008d400000, 0x000000008d500000, 0x000000008d500000|100%| O|  |TAMS 0x000000008d500000, 0x000000008d500000| Untracked 
| 213|0x000000008d500000, 0x000000008d600000, 0x000000008d600000|100%| O|  |TAMS 0x000000008d600000, 0x000000008d600000| Untracked 
| 214|0x000000008d600000, 0x000000008d700000, 0x000000008d700000|100%| O|  |TAMS 0x000000008d700000, 0x000000008d700000| Untracked 
| 215|0x000000008d700000, 0x000000008d800000, 0x000000008d800000|100%| O|  |TAMS 0x000000008d700000, 0x000000008d800000| Untracked 
| 216|0x000000008d800000, 0x000000008d900000, 0x000000008d900000|100%| O|  |TAMS 0x000000008d900000, 0x000000008d900000| Untracked 
| 217|0x000000008d900000, 0x000000008da00000, 0x000000008da00000|100%| O|  |TAMS 0x000000008d900000, 0x000000008da00000| Untracked 
| 218|0x000000008da00000, 0x000000008db00000, 0x000000008db00000|100%|HS|  |TAMS 0x000000008db00000, 0x000000008db00000| Complete 
| 219|0x000000008db00000, 0x000000008dc00000, 0x000000008dc00000|100%|HC|  |TAMS 0x000000008dc00000, 0x000000008dc00000| Complete 
| 220|0x000000008dc00000, 0x000000008dd00000, 0x000000008dd00000|100%| O|  |TAMS 0x000000008dd00000, 0x000000008dd00000| Untracked 
| 221|0x000000008dd00000, 0x000000008de00000, 0x000000008de00000|100%| O|  |TAMS 0x000000008de00000, 0x000000008de00000| Untracked 
| 222|0x000000008de00000, 0x000000008df00000, 0x000000008df00000|100%| O|  |TAMS 0x000000008df00000, 0x000000008df00000| Untracked 
| 223|0x000000008df00000, 0x000000008e000000, 0x000000008e000000|100%| O|  |TAMS 0x000000008e000000, 0x000000008e000000| Untracked 
| 224|0x000000008e000000, 0x000000008e000000, 0x000000008e100000|  0%| F|  |TAMS 0x000000008e000000, 0x000000008e000000| Untracked 
| 225|0x000000008e100000, 0x000000008e200000, 0x000000008e200000|100%| O|  |TAMS 0x000000008e200000, 0x000000008e200000| Untracked 
| 226|0x000000008e200000, 0x000000008e300000, 0x000000008e300000|100%| O|  |TAMS 0x000000008e300000, 0x000000008e300000| Untracked 
| 227|0x000000008e300000, 0x000000008e400000, 0x000000008e400000|100%| O|  |TAMS 0x000000008e400000, 0x000000008e400000| Untracked 
| 228|0x000000008e400000, 0x000000008e500000, 0x000000008e500000|100%| O|  |TAMS 0x000000008e500000, 0x000000008e500000| Untracked 
| 229|0x000000008e500000, 0x000000008e600000, 0x000000008e600000|100%| O|  |TAMS 0x000000008e600000, 0x000000008e600000| Untracked 
| 230|0x000000008e600000, 0x000000008e700000, 0x000000008e700000|100%| O|  |TAMS 0x000000008e700000, 0x000000008e700000| Untracked 
| 231|0x000000008e700000, 0x000000008e800000, 0x000000008e800000|100%| O|  |TAMS 0x000000008e700000, 0x000000008e800000| Untracked 
| 232|0x000000008e800000, 0x000000008e900000, 0x000000008e900000|100%| O|  |TAMS 0x000000008e800000, 0x000000008e900000| Untracked 
| 233|0x000000008e900000, 0x000000008ea00000, 0x000000008ea00000|100%| O|  |TAMS 0x000000008ea00000, 0x000000008ea00000| Untracked 
| 234|0x000000008ea00000, 0x000000008eb00000, 0x000000008eb00000|100%| O|  |TAMS 0x000000008eb00000, 0x000000008eb00000| Untracked 
| 235|0x000000008eb00000, 0x000000008ec00000, 0x000000008ec00000|100%| O|  |TAMS 0x000000008ec00000, 0x000000008ec00000| Untracked 
| 236|0x000000008ec00000, 0x000000008ed00000, 0x000000008ed00000|100%| O|  |TAMS 0x000000008ed00000, 0x000000008ed00000| Untracked 
| 237|0x000000008ed00000, 0x000000008ee00000, 0x000000008ee00000|100%| O|  |TAMS 0x000000008ee00000, 0x000000008ee00000| Untracked 
| 238|0x000000008ee00000, 0x000000008ef00000, 0x000000008ef00000|100%| O|  |TAMS 0x000000008ef00000, 0x000000008ef00000| Untracked 
| 239|0x000000008ef00000, 0x000000008f000000, 0x000000008f000000|100%| O|  |TAMS 0x000000008f000000, 0x000000008f000000| Untracked 
| 240|0x000000008f000000, 0x000000008f100000, 0x000000008f100000|100%| O|  |TAMS 0x000000008f100000, 0x000000008f100000| Untracked 
| 241|0x000000008f100000, 0x000000008f200000, 0x000000008f200000|100%| O|  |TAMS 0x000000008f200000, 0x000000008f200000| Untracked 
| 242|0x000000008f200000, 0x000000008f300000, 0x000000008f300000|100%| O|  |TAMS 0x000000008f300000, 0x000000008f300000| Untracked 
| 243|0x000000008f300000, 0x000000008f400000, 0x000000008f400000|100%| O|  |TAMS 0x000000008f400000, 0x000000008f400000| Untracked 
| 244|0x000000008f400000, 0x000000008f500000, 0x000000008f500000|100%| O|  |TAMS 0x000000008f500000, 0x000000008f500000| Untracked 
| 245|0x000000008f500000, 0x000000008f600000, 0x000000008f600000|100%| O|  |TAMS 0x000000008f600000, 0x000000008f600000| Untracked 
| 246|0x000000008f600000, 0x000000008f700000, 0x000000008f700000|100%| O|  |TAMS 0x000000008f700000, 0x000000008f700000| Untracked 
| 247|0x000000008f700000, 0x000000008f800000, 0x000000008f800000|100%| O|  |TAMS 0x000000008f800000, 0x000000008f800000| Untracked 
| 248|0x000000008f800000, 0x000000008f900000, 0x000000008f900000|100%| O|  |TAMS 0x000000008f900000, 0x000000008f900000| Untracked 
| 249|0x000000008f900000, 0x000000008fa00000, 0x000000008fa00000|100%| O|  |TAMS 0x000000008fa00000, 0x000000008fa00000| Untracked 
| 250|0x000000008fa00000, 0x000000008fb00000, 0x000000008fb00000|100%| O|  |TAMS 0x000000008fb00000, 0x000000008fb00000| Untracked 
| 251|0x000000008fb00000, 0x000000008fc00000, 0x000000008fc00000|100%| O|  |TAMS 0x000000008fc00000, 0x000000008fc00000| Untracked 
| 252|0x000000008fc00000, 0x000000008fc00000, 0x000000008fd00000|  0%| F|  |TAMS 0x000000008fc00000, 0x000000008fc00000| Untracked 
| 253|0x000000008fd00000, 0x000000008fe00000, 0x000000008fe00000|100%| O|  |TAMS 0x000000008fe00000, 0x000000008fe00000| Untracked 
| 254|0x000000008fe00000, 0x000000008ff00000, 0x000000008ff00000|100%| O|  |TAMS 0x000000008ff00000, 0x000000008ff00000| Untracked 
| 255|0x000000008ff00000, 0x0000000090000000, 0x0000000090000000|100%| O|  |TAMS 0x0000000090000000, 0x0000000090000000| Untracked 
| 256|0x0000000090000000, 0x0000000090100000, 0x0000000090100000|100%| O|  |TAMS 0x0000000090100000, 0x0000000090100000| Untracked 
| 257|0x0000000090100000, 0x0000000090200000, 0x0000000090200000|100%|HS|  |TAMS 0x0000000090200000, 0x0000000090200000| Complete 
| 258|0x0000000090200000, 0x0000000090300000, 0x0000000090300000|100%|HC|  |TAMS 0x0000000090300000, 0x0000000090300000| Complete 
| 259|0x0000000090300000, 0x0000000090400000, 0x0000000090400000|100%| O|  |TAMS 0x0000000090400000, 0x0000000090400000| Untracked 
| 260|0x0000000090400000, 0x0000000090500000, 0x0000000090500000|100%| O|  |TAMS 0x0000000090500000, 0x0000000090500000| Untracked 
| 261|0x0000000090500000, 0x0000000090500000, 0x0000000090600000|  0%| F|  |TAMS 0x0000000090500000, 0x0000000090500000| Untracked 
| 262|0x0000000090600000, 0x0000000090700000, 0x0000000090700000|100%| O|  |TAMS 0x0000000090700000, 0x0000000090700000| Untracked 
| 263|0x0000000090700000, 0x0000000090800000, 0x0000000090800000|100%| O|  |TAMS 0x0000000090800000, 0x0000000090800000| Untracked 
| 264|0x0000000090800000, 0x0000000090800000, 0x0000000090900000|  0%| F|  |TAMS 0x0000000090800000, 0x0000000090800000| Untracked 
| 265|0x0000000090900000, 0x0000000090a00000, 0x0000000090a00000|100%| O|  |TAMS 0x0000000090900000, 0x0000000090a00000| Untracked 
| 266|0x0000000090a00000, 0x0000000090b00000, 0x0000000090b00000|100%| O|  |TAMS 0x0000000090b00000, 0x0000000090b00000| Untracked 
| 267|0x0000000090b00000, 0x0000000090c00000, 0x0000000090c00000|100%| O|  |TAMS 0x0000000090b00000, 0x0000000090c00000| Untracked 
| 268|0x0000000090c00000, 0x0000000090d00000, 0x0000000090d00000|100%| O|  |TAMS 0x0000000090d00000, 0x0000000090d00000| Untracked 
| 269|0x0000000090d00000, 0x0000000090e00000, 0x0000000090e00000|100%| O|  |TAMS 0x0000000090e00000, 0x0000000090e00000| Untracked 
| 270|0x0000000090e00000, 0x0000000090f00000, 0x0000000090f00000|100%| O|  |TAMS 0x0000000090f00000, 0x0000000090f00000| Untracked 
| 271|0x0000000090f00000, 0x0000000091000000, 0x0000000091000000|100%| O|  |TAMS 0x0000000091000000, 0x0000000091000000| Untracked 
| 272|0x0000000091000000, 0x0000000091100000, 0x0000000091100000|100%| O|  |TAMS 0x0000000091100000, 0x0000000091100000| Untracked 
| 273|0x0000000091100000, 0x0000000091200000, 0x0000000091200000|100%| O|  |TAMS 0x0000000091200000, 0x0000000091200000| Untracked 
| 274|0x0000000091200000, 0x0000000091300000, 0x0000000091300000|100%| O|  |TAMS 0x0000000091300000, 0x0000000091300000| Untracked 
| 275|0x0000000091300000, 0x0000000091400000, 0x0000000091400000|100%| O|  |TAMS 0x0000000091400000, 0x0000000091400000| Untracked 
| 276|0x0000000091400000, 0x0000000091500000, 0x0000000091500000|100%| O|  |TAMS 0x0000000091500000, 0x0000000091500000| Untracked 
| 277|0x0000000091500000, 0x0000000091600000, 0x0000000091600000|100%| O|  |TAMS 0x0000000091600000, 0x0000000091600000| Untracked 
| 278|0x0000000091600000, 0x0000000091700000, 0x0000000091700000|100%| O|  |TAMS 0x0000000091700000, 0x0000000091700000| Untracked 
| 279|0x0000000091700000, 0x0000000091800000, 0x0000000091800000|100%| O|  |TAMS 0x0000000091800000, 0x0000000091800000| Untracked 
| 280|0x0000000091800000, 0x0000000091900000, 0x0000000091900000|100%| O|  |TAMS 0x0000000091900000, 0x0000000091900000| Untracked 
| 281|0x0000000091900000, 0x0000000091a00000, 0x0000000091a00000|100%| O|  |TAMS 0x0000000091a00000, 0x0000000091a00000| Untracked 
| 282|0x0000000091a00000, 0x0000000091b00000, 0x0000000091b00000|100%| O|  |TAMS 0x0000000091b00000, 0x0000000091b00000| Untracked 
| 283|0x0000000091b00000, 0x0000000091c00000, 0x0000000091c00000|100%| O|  |TAMS 0x0000000091c00000, 0x0000000091c00000| Untracked 
| 284|0x0000000091c00000, 0x0000000091d00000, 0x0000000091d00000|100%| O|  |TAMS 0x0000000091d00000, 0x0000000091d00000| Untracked 
| 285|0x0000000091d00000, 0x0000000091e00000, 0x0000000091e00000|100%| O|  |TAMS 0x0000000091e00000, 0x0000000091e00000| Untracked 
| 286|0x0000000091e00000, 0x0000000091f00000, 0x0000000091f00000|100%| O|  |TAMS 0x0000000091f00000, 0x0000000091f00000| Untracked 
| 287|0x0000000091f00000, 0x0000000092000000, 0x0000000092000000|100%| O|  |TAMS 0x0000000092000000, 0x0000000092000000| Untracked 
| 288|0x0000000092000000, 0x0000000092100000, 0x0000000092100000|100%| O|  |TAMS 0x0000000092100000, 0x0000000092100000| Untracked 
| 289|0x0000000092100000, 0x0000000092200000, 0x0000000092200000|100%| O|  |TAMS 0x0000000092200000, 0x0000000092200000| Untracked 
| 290|0x0000000092200000, 0x0000000092300000, 0x0000000092300000|100%| O|  |TAMS 0x0000000092300000, 0x0000000092300000| Untracked 
| 291|0x0000000092300000, 0x0000000092400000, 0x0000000092400000|100%| O|  |TAMS 0x0000000092300000, 0x0000000092400000| Untracked 
| 292|0x0000000092400000, 0x0000000092500000, 0x0000000092500000|100%| O|  |TAMS 0x0000000092500000, 0x0000000092500000| Untracked 
| 293|0x0000000092500000, 0x0000000092600000, 0x0000000092600000|100%| O|  |TAMS 0x0000000092500000, 0x0000000092600000| Untracked 
| 294|0x0000000092600000, 0x0000000092700000, 0x0000000092700000|100%| O|  |TAMS 0x0000000092700000, 0x0000000092700000| Untracked 
| 295|0x0000000092700000, 0x0000000092800000, 0x0000000092800000|100%| O|  |TAMS 0x0000000092700000, 0x0000000092800000| Untracked 
| 296|0x0000000092800000, 0x0000000092900000, 0x0000000092900000|100%| O|  |TAMS 0x0000000092900000, 0x0000000092900000| Untracked 
| 297|0x0000000092900000, 0x0000000092a00000, 0x0000000092a00000|100%| O|  |TAMS 0x0000000092900000, 0x0000000092a00000| Untracked 
| 298|0x0000000092a00000, 0x0000000092b00000, 0x0000000092b00000|100%| O|  |TAMS 0x0000000092a00000, 0x0000000092b00000| Untracked 
| 299|0x0000000092b00000, 0x0000000092c00000, 0x0000000092c00000|100%| O|  |TAMS 0x0000000092b00000, 0x0000000092c00000| Untracked 
| 300|0x0000000092c00000, 0x0000000092d00000, 0x0000000092d00000|100%| O|  |TAMS 0x0000000092d00000, 0x0000000092d00000| Untracked 
| 301|0x0000000092d00000, 0x0000000092e00000, 0x0000000092e00000|100%| O|  |TAMS 0x0000000092e00000, 0x0000000092e00000| Untracked 
| 302|0x0000000092e00000, 0x0000000092f00000, 0x0000000092f00000|100%| O|  |TAMS 0x0000000092e00000, 0x0000000092f00000| Untracked 
| 303|0x0000000092f00000, 0x0000000093000000, 0x0000000093000000|100%| O|  |TAMS 0x0000000093000000, 0x0000000093000000| Untracked 
| 304|0x0000000093000000, 0x0000000093100000, 0x0000000093100000|100%| O|  |TAMS 0x0000000093000000, 0x0000000093100000| Untracked 
| 305|0x0000000093100000, 0x0000000093200000, 0x0000000093200000|100%| O|  |TAMS 0x0000000093100000, 0x0000000093200000| Untracked 
| 306|0x0000000093200000, 0x0000000093300000, 0x0000000093300000|100%| O|  |TAMS 0x0000000093200000, 0x0000000093300000| Untracked 
| 307|0x0000000093300000, 0x0000000093400000, 0x0000000093400000|100%| O|  |TAMS 0x0000000093400000, 0x0000000093400000| Untracked 
| 308|0x0000000093400000, 0x0000000093500000, 0x0000000093500000|100%|HS|  |TAMS 0x0000000093500000, 0x0000000093500000| Complete 
| 309|0x0000000093500000, 0x0000000093600000, 0x0000000093600000|100%|HC|  |TAMS 0x0000000093600000, 0x0000000093600000| Complete 
| 310|0x0000000093600000, 0x0000000093700000, 0x0000000093700000|100%|HC|  |TAMS 0x0000000093700000, 0x0000000093700000| Complete 
| 311|0x0000000093700000, 0x0000000093800000, 0x0000000093800000|100%|HC|  |TAMS 0x0000000093800000, 0x0000000093800000| Complete 
| 312|0x0000000093800000, 0x0000000093900000, 0x0000000093900000|100%| O|  |TAMS 0x0000000093900000, 0x0000000093900000| Untracked 
| 313|0x0000000093900000, 0x0000000093a00000, 0x0000000093a00000|100%| O|  |TAMS 0x0000000093a00000, 0x0000000093a00000| Untracked 
| 314|0x0000000093a00000, 0x0000000093b00000, 0x0000000093b00000|100%|HS|  |TAMS 0x0000000093b00000, 0x0000000093b00000| Complete 
| 315|0x0000000093b00000, 0x0000000093c00000, 0x0000000093c00000|100%|HC|  |TAMS 0x0000000093c00000, 0x0000000093c00000| Complete 
| 316|0x0000000093c00000, 0x0000000093d00000, 0x0000000093d00000|100%|HC|  |TAMS 0x0000000093d00000, 0x0000000093d00000| Complete 
| 317|0x0000000093d00000, 0x0000000093e00000, 0x0000000093e00000|100%|HC|  |TAMS 0x0000000093e00000, 0x0000000093e00000| Complete 
| 318|0x0000000093e00000, 0x0000000093f00000, 0x0000000093f00000|100%| O|  |TAMS 0x0000000093e00000, 0x0000000093f00000| Untracked 
| 319|0x0000000093f00000, 0x0000000094000000, 0x0000000094000000|100%| O|  |TAMS 0x0000000094000000, 0x0000000094000000| Untracked 
| 320|0x0000000094000000, 0x0000000094100000, 0x0000000094100000|100%| O|  |TAMS 0x0000000094100000, 0x0000000094100000| Untracked 
| 321|0x0000000094100000, 0x0000000094200000, 0x0000000094200000|100%| O|  |TAMS 0x0000000094200000, 0x0000000094200000| Untracked 
| 322|0x0000000094200000, 0x0000000094300000, 0x0000000094300000|100%| O|  |TAMS 0x0000000094300000, 0x0000000094300000| Untracked 
| 323|0x0000000094300000, 0x0000000094400000, 0x0000000094400000|100%| O|  |TAMS 0x0000000094400000, 0x0000000094400000| Untracked 
| 324|0x0000000094400000, 0x0000000094500000, 0x0000000094500000|100%| O|  |TAMS 0x0000000094500000, 0x0000000094500000| Untracked 
| 325|0x0000000094500000, 0x0000000094600000, 0x0000000094600000|100%| O|  |TAMS 0x0000000094600000, 0x0000000094600000| Untracked 
| 326|0x0000000094600000, 0x0000000094700000, 0x0000000094700000|100%| O|  |TAMS 0x0000000094700000, 0x0000000094700000| Untracked 
| 327|0x0000000094700000, 0x0000000094700000, 0x0000000094800000|  0%| F|  |TAMS 0x0000000094700000, 0x0000000094700000| Untracked 
| 328|0x0000000094800000, 0x0000000094800000, 0x0000000094900000|  0%| F|  |TAMS 0x0000000094800000, 0x0000000094800000| Untracked 
| 329|0x0000000094900000, 0x0000000094a00000, 0x0000000094a00000|100%| O|  |TAMS 0x0000000094a00000, 0x0000000094a00000| Untracked 
| 330|0x0000000094a00000, 0x0000000094b00000, 0x0000000094b00000|100%| O|  |TAMS 0x0000000094b00000, 0x0000000094b00000| Untracked 
| 331|0x0000000094b00000, 0x0000000094c00000, 0x0000000094c00000|100%| O|  |TAMS 0x0000000094c00000, 0x0000000094c00000| Untracked 
| 332|0x0000000094c00000, 0x0000000094d00000, 0x0000000094d00000|100%| O|  |TAMS 0x0000000094d00000, 0x0000000094d00000| Untracked 
| 333|0x0000000094d00000, 0x0000000094e00000, 0x0000000094e00000|100%| O|  |TAMS 0x0000000094e00000, 0x0000000094e00000| Untracked 
| 334|0x0000000094e00000, 0x0000000094f00000, 0x0000000094f00000|100%| O|  |TAMS 0x0000000094f00000, 0x0000000094f00000| Untracked 
| 335|0x0000000094f00000, 0x0000000094f00000, 0x0000000095000000|  0%| F|  |TAMS 0x0000000094f00000, 0x0000000094f00000| Untracked 
| 336|0x0000000095000000, 0x0000000095100000, 0x0000000095100000|100%| O|  |TAMS 0x0000000095100000, 0x0000000095100000| Untracked 
| 337|0x0000000095100000, 0x0000000095200000, 0x0000000095200000|100%| O|  |TAMS 0x0000000095200000, 0x0000000095200000| Untracked 
| 338|0x0000000095200000, 0x0000000095300000, 0x0000000095300000|100%| O|  |TAMS 0x0000000095300000, 0x0000000095300000| Untracked 
| 339|0x0000000095300000, 0x0000000095400000, 0x0000000095400000|100%| O|  |TAMS 0x0000000095400000, 0x0000000095400000| Untracked 
| 340|0x0000000095400000, 0x0000000095500000, 0x0000000095500000|100%| O|  |TAMS 0x0000000095500000, 0x0000000095500000| Untracked 
| 341|0x0000000095500000, 0x0000000095600000, 0x0000000095600000|100%| O|  |TAMS 0x0000000095600000, 0x0000000095600000| Untracked 
| 342|0x0000000095600000, 0x0000000095700000, 0x0000000095700000|100%| O|  |TAMS 0x0000000095700000, 0x0000000095700000| Untracked 
| 343|0x0000000095700000, 0x0000000095800000, 0x0000000095800000|100%| O|  |TAMS 0x00000000957f2800, 0x0000000095800000| Untracked 
| 344|0x0000000095800000, 0x0000000095900000, 0x0000000095900000|100%| O|  |TAMS 0x0000000095800000, 0x0000000095900000| Untracked 
| 345|0x0000000095900000, 0x0000000095a00000, 0x0000000095a00000|100%| O|  |TAMS 0x0000000095900000, 0x0000000095a00000| Untracked 
| 346|0x0000000095a00000, 0x0000000095b00000, 0x0000000095b00000|100%| O|  |TAMS 0x0000000095a00000, 0x0000000095b00000| Untracked 
| 347|0x0000000095b00000, 0x0000000095c00000, 0x0000000095c00000|100%| O|  |TAMS 0x0000000095b00000, 0x0000000095c00000| Untracked 
| 348|0x0000000095c00000, 0x0000000095d00000, 0x0000000095d00000|100%| O|  |TAMS 0x0000000095c00000, 0x0000000095d00000| Untracked 
| 349|0x0000000095d00000, 0x0000000095e00000, 0x0000000095e00000|100%| O|  |TAMS 0x0000000095d00000, 0x0000000095e00000| Untracked 
| 350|0x0000000095e00000, 0x0000000095f00000, 0x0000000095f00000|100%| O|  |TAMS 0x0000000095e00000, 0x0000000095f00000| Untracked 
| 351|0x0000000095f00000, 0x0000000096000000, 0x0000000096000000|100%| O|  |TAMS 0x0000000095f00000, 0x0000000096000000| Untracked 
| 352|0x0000000096000000, 0x0000000096100000, 0x0000000096100000|100%| O|  |TAMS 0x0000000096000000, 0x0000000096100000| Untracked 
| 353|0x0000000096100000, 0x0000000096200000, 0x0000000096200000|100%| O|  |TAMS 0x0000000096100000, 0x0000000096200000| Untracked 
| 354|0x0000000096200000, 0x0000000096300000, 0x0000000096300000|100%| O|  |TAMS 0x0000000096200000, 0x0000000096300000| Untracked 
| 355|0x0000000096300000, 0x0000000096400000, 0x0000000096400000|100%| O|  |TAMS 0x0000000096300000, 0x0000000096400000| Untracked 
| 356|0x0000000096400000, 0x0000000096500000, 0x0000000096500000|100%| O|  |TAMS 0x0000000096400000, 0x0000000096500000| Untracked 
| 357|0x0000000096500000, 0x0000000096600000, 0x0000000096600000|100%| O|  |TAMS 0x0000000096500000, 0x0000000096600000| Untracked 
| 358|0x0000000096600000, 0x0000000096700000, 0x0000000096700000|100%| O|  |TAMS 0x0000000096600000, 0x0000000096700000| Untracked 
| 359|0x0000000096700000, 0x0000000096800000, 0x0000000096800000|100%| O|  |TAMS 0x0000000096700000, 0x0000000096800000| Untracked 
| 360|0x0000000096800000, 0x0000000096900000, 0x0000000096900000|100%| O|  |TAMS 0x0000000096800000, 0x0000000096900000| Untracked 
| 361|0x0000000096900000, 0x0000000096a00000, 0x0000000096a00000|100%| O|  |TAMS 0x0000000096900000, 0x0000000096a00000| Untracked 
| 362|0x0000000096a00000, 0x0000000096b00000, 0x0000000096b00000|100%| O|  |TAMS 0x0000000096a00000, 0x0000000096b00000| Untracked 
| 363|0x0000000096b00000, 0x0000000096c00000, 0x0000000096c00000|100%| O|  |TAMS 0x0000000096b00000, 0x0000000096c00000| Untracked 
| 364|0x0000000096c00000, 0x0000000096d00000, 0x0000000096d00000|100%| O|  |TAMS 0x0000000096c00000, 0x0000000096d00000| Untracked 
| 365|0x0000000096d00000, 0x0000000096e00000, 0x0000000096e00000|100%| O|  |TAMS 0x0000000096d00000, 0x0000000096e00000| Untracked 
| 366|0x0000000096e00000, 0x0000000096f00000, 0x0000000096f00000|100%| O|  |TAMS 0x0000000096e00000, 0x0000000096f00000| Untracked 
| 367|0x0000000096f00000, 0x0000000097000000, 0x0000000097000000|100%| O|  |TAMS 0x0000000096f00000, 0x0000000097000000| Untracked 
| 368|0x0000000097000000, 0x0000000097100000, 0x0000000097100000|100%| O|  |TAMS 0x0000000097000000, 0x0000000097100000| Untracked 
| 369|0x0000000097100000, 0x0000000097200000, 0x0000000097200000|100%| O|  |TAMS 0x0000000097100000, 0x0000000097200000| Untracked 
| 370|0x0000000097200000, 0x0000000097300000, 0x0000000097300000|100%| O|  |TAMS 0x0000000097200000, 0x0000000097300000| Untracked 
| 371|0x0000000097300000, 0x0000000097400000, 0x0000000097400000|100%| O|  |TAMS 0x0000000097300000, 0x0000000097400000| Untracked 
| 372|0x0000000097400000, 0x0000000097500000, 0x0000000097500000|100%| O|  |TAMS 0x0000000097400000, 0x0000000097500000| Untracked 
| 373|0x0000000097500000, 0x0000000097600000, 0x0000000097600000|100%| O|  |TAMS 0x0000000097500000, 0x0000000097600000| Untracked 
| 374|0x0000000097600000, 0x0000000097700000, 0x0000000097700000|100%| O|  |TAMS 0x0000000097600000, 0x0000000097700000| Untracked 
| 375|0x0000000097700000, 0x0000000097800000, 0x0000000097800000|100%| O|  |TAMS 0x0000000097700000, 0x0000000097800000| Untracked 
| 376|0x0000000097800000, 0x0000000097900000, 0x0000000097900000|100%| O|  |TAMS 0x0000000097800000, 0x0000000097900000| Untracked 
| 377|0x0000000097900000, 0x0000000097a00000, 0x0000000097a00000|100%| O|  |TAMS 0x0000000097900000, 0x0000000097a00000| Untracked 
| 378|0x0000000097a00000, 0x0000000097b00000, 0x0000000097b00000|100%| O|  |TAMS 0x0000000097a00000, 0x0000000097b00000| Untracked 
| 379|0x0000000097b00000, 0x0000000097b8c800, 0x0000000097c00000| 54%| O|  |TAMS 0x0000000097b00000, 0x0000000097b8c800| Untracked 
| 380|0x0000000097c00000, 0x0000000097c00000, 0x0000000097d00000|  0%| F|  |TAMS 0x0000000097c00000, 0x0000000097c00000| Untracked 
| 381|0x0000000097d00000, 0x0000000097d00000, 0x0000000097e00000|  0%| F|  |TAMS 0x0000000097d00000, 0x0000000097d00000| Untracked 
| 382|0x0000000097e00000, 0x0000000097e00000, 0x0000000097f00000|  0%| F|  |TAMS 0x0000000097e00000, 0x0000000097e00000| Untracked 
| 383|0x0000000097f00000, 0x0000000097f00000, 0x0000000098000000|  0%| F|  |TAMS 0x0000000097f00000, 0x0000000097f00000| Untracked 
| 384|0x0000000098000000, 0x0000000098000000, 0x0000000098100000|  0%| F|  |TAMS 0x0000000098000000, 0x0000000098000000| Untracked 
| 385|0x0000000098100000, 0x0000000098100000, 0x0000000098200000|  0%| F|  |TAMS 0x0000000098100000, 0x0000000098100000| Untracked 
| 386|0x0000000098200000, 0x0000000098200000, 0x0000000098300000|  0%| F|  |TAMS 0x0000000098200000, 0x0000000098200000| Untracked 
| 387|0x0000000098300000, 0x0000000098300000, 0x0000000098400000|  0%| F|  |TAMS 0x0000000098300000, 0x0000000098300000| Untracked 
| 388|0x0000000098400000, 0x0000000098400000, 0x0000000098500000|  0%| F|  |TAMS 0x0000000098400000, 0x0000000098400000| Untracked 
| 389|0x0000000098500000, 0x0000000098500000, 0x0000000098600000|  0%| F|  |TAMS 0x0000000098500000, 0x0000000098500000| Untracked 
| 390|0x0000000098600000, 0x0000000098600000, 0x0000000098700000|  0%| F|  |TAMS 0x0000000098600000, 0x0000000098600000| Untracked 
| 391|0x0000000098700000, 0x0000000098700000, 0x0000000098800000|  0%| F|  |TAMS 0x0000000098700000, 0x0000000098700000| Untracked 
| 392|0x0000000098800000, 0x0000000098800000, 0x0000000098900000|  0%| F|  |TAMS 0x0000000098800000, 0x0000000098800000| Untracked 
| 393|0x0000000098900000, 0x0000000098900000, 0x0000000098a00000|  0%| F|  |TAMS 0x0000000098900000, 0x0000000098900000| Untracked 
| 394|0x0000000098a00000, 0x0000000098a00000, 0x0000000098b00000|  0%| F|  |TAMS 0x0000000098a00000, 0x0000000098a00000| Untracked 
| 395|0x0000000098b00000, 0x0000000098b00000, 0x0000000098c00000|  0%| F|  |TAMS 0x0000000098b00000, 0x0000000098b00000| Untracked 
| 396|0x0000000098c00000, 0x0000000098c00000, 0x0000000098d00000|  0%| F|  |TAMS 0x0000000098c00000, 0x0000000098c00000| Untracked 
| 397|0x0000000098d00000, 0x0000000098d00000, 0x0000000098e00000|  0%| F|  |TAMS 0x0000000098d00000, 0x0000000098d00000| Untracked 
| 398|0x0000000098e00000, 0x0000000098e00000, 0x0000000098f00000|  0%| F|  |TAMS 0x0000000098e00000, 0x0000000098e00000| Untracked 
| 399|0x0000000098f00000, 0x0000000098f00000, 0x0000000099000000|  0%| F|  |TAMS 0x0000000098f00000, 0x0000000098f00000| Untracked 
| 400|0x0000000099000000, 0x0000000099000000, 0x0000000099100000|  0%| F|  |TAMS 0x0000000099000000, 0x0000000099000000| Untracked 
| 401|0x0000000099100000, 0x0000000099100000, 0x0000000099200000|  0%| F|  |TAMS 0x0000000099100000, 0x0000000099100000| Untracked 
| 402|0x0000000099200000, 0x0000000099200000, 0x0000000099300000|  0%| F|  |TAMS 0x0000000099200000, 0x0000000099200000| Untracked 
| 403|0x0000000099300000, 0x0000000099300000, 0x0000000099400000|  0%| F|  |TAMS 0x0000000099300000, 0x0000000099300000| Untracked 
| 404|0x0000000099400000, 0x0000000099400000, 0x0000000099500000|  0%| F|  |TAMS 0x0000000099400000, 0x0000000099400000| Untracked 
| 405|0x0000000099500000, 0x0000000099500000, 0x0000000099600000|  0%| F|  |TAMS 0x0000000099500000, 0x0000000099500000| Untracked 
| 406|0x0000000099600000, 0x0000000099600000, 0x0000000099700000|  0%| F|  |TAMS 0x0000000099600000, 0x0000000099600000| Untracked 
| 407|0x0000000099700000, 0x0000000099700000, 0x0000000099800000|  0%| F|  |TAMS 0x0000000099700000, 0x0000000099700000| Untracked 
| 408|0x0000000099800000, 0x0000000099800000, 0x0000000099900000|  0%| F|  |TAMS 0x0000000099800000, 0x0000000099800000| Untracked 
| 409|0x0000000099900000, 0x0000000099900000, 0x0000000099a00000|  0%| F|  |TAMS 0x0000000099900000, 0x0000000099900000| Untracked 
| 410|0x0000000099a00000, 0x0000000099a00000, 0x0000000099b00000|  0%| F|  |TAMS 0x0000000099a00000, 0x0000000099a00000| Untracked 
| 411|0x0000000099b00000, 0x0000000099b00000, 0x0000000099c00000|  0%| F|  |TAMS 0x0000000099b00000, 0x0000000099b00000| Untracked 
| 412|0x0000000099c00000, 0x0000000099c00000, 0x0000000099d00000|  0%| F|  |TAMS 0x0000000099c00000, 0x0000000099c00000| Untracked 
| 413|0x0000000099d00000, 0x0000000099d00000, 0x0000000099e00000|  0%| F|  |TAMS 0x0000000099d00000, 0x0000000099d00000| Untracked 
| 414|0x0000000099e00000, 0x0000000099e00000, 0x0000000099f00000|  0%| F|  |TAMS 0x0000000099e00000, 0x0000000099e00000| Untracked 
| 415|0x0000000099f00000, 0x0000000099f00000, 0x000000009a000000|  0%| F|  |TAMS 0x0000000099f00000, 0x0000000099f00000| Untracked 
| 416|0x000000009a000000, 0x000000009a000000, 0x000000009a100000|  0%| F|  |TAMS 0x000000009a000000, 0x000000009a000000| Untracked 
| 417|0x000000009a100000, 0x000000009a100000, 0x000000009a200000|  0%| F|  |TAMS 0x000000009a100000, 0x000000009a100000| Untracked 
| 418|0x000000009a200000, 0x000000009a200000, 0x000000009a300000|  0%| F|  |TAMS 0x000000009a200000, 0x000000009a200000| Untracked 
| 419|0x000000009a300000, 0x000000009a300000, 0x000000009a400000|  0%| F|  |TAMS 0x000000009a300000, 0x000000009a300000| Untracked 
| 420|0x000000009a400000, 0x000000009a400000, 0x000000009a500000|  0%| F|  |TAMS 0x000000009a400000, 0x000000009a400000| Untracked 
| 421|0x000000009a500000, 0x000000009a500000, 0x000000009a600000|  0%| F|  |TAMS 0x000000009a500000, 0x000000009a500000| Untracked 
| 422|0x000000009a600000, 0x000000009a600000, 0x000000009a700000|  0%| F|  |TAMS 0x000000009a600000, 0x000000009a600000| Untracked 
| 423|0x000000009a700000, 0x000000009a700000, 0x000000009a800000|  0%| F|  |TAMS 0x000000009a700000, 0x000000009a700000| Untracked 
| 424|0x000000009a800000, 0x000000009a800000, 0x000000009a900000|  0%| F|  |TAMS 0x000000009a800000, 0x000000009a800000| Untracked 
| 425|0x000000009a900000, 0x000000009a900000, 0x000000009aa00000|  0%| F|  |TAMS 0x000000009a900000, 0x000000009a900000| Untracked 
| 426|0x000000009aa00000, 0x000000009aa00000, 0x000000009ab00000|  0%| F|  |TAMS 0x000000009aa00000, 0x000000009aa00000| Untracked 
| 427|0x000000009ab00000, 0x000000009ab00000, 0x000000009ac00000|  0%| F|  |TAMS 0x000000009ab00000, 0x000000009ab00000| Untracked 
| 428|0x000000009ac00000, 0x000000009ac00000, 0x000000009ad00000|  0%| F|  |TAMS 0x000000009ac00000, 0x000000009ac00000| Untracked 
| 429|0x000000009ad00000, 0x000000009ad00000, 0x000000009ae00000|  0%| F|  |TAMS 0x000000009ad00000, 0x000000009ad00000| Untracked 
| 430|0x000000009ae00000, 0x000000009ae00000, 0x000000009af00000|  0%| F|  |TAMS 0x000000009ae00000, 0x000000009ae00000| Untracked 
| 431|0x000000009af00000, 0x000000009af00000, 0x000000009b000000|  0%| F|  |TAMS 0x000000009af00000, 0x000000009af00000| Untracked 
| 432|0x000000009b000000, 0x000000009b000000, 0x000000009b100000|  0%| F|  |TAMS 0x000000009b000000, 0x000000009b000000| Untracked 
| 433|0x000000009b100000, 0x000000009b100000, 0x000000009b200000|  0%| F|  |TAMS 0x000000009b100000, 0x000000009b100000| Untracked 
| 434|0x000000009b200000, 0x000000009b200000, 0x000000009b300000|  0%| F|  |TAMS 0x000000009b200000, 0x000000009b200000| Untracked 
| 435|0x000000009b300000, 0x000000009b300000, 0x000000009b400000|  0%| F|  |TAMS 0x000000009b300000, 0x000000009b300000| Untracked 
| 436|0x000000009b400000, 0x000000009b400000, 0x000000009b500000|  0%| F|  |TAMS 0x000000009b400000, 0x000000009b400000| Untracked 
| 437|0x000000009b500000, 0x000000009b500000, 0x000000009b600000|  0%| F|  |TAMS 0x000000009b500000, 0x000000009b500000| Untracked 
| 438|0x000000009b600000, 0x000000009b600000, 0x000000009b700000|  0%| F|  |TAMS 0x000000009b600000, 0x000000009b600000| Untracked 
| 439|0x000000009b700000, 0x000000009b700000, 0x000000009b800000|  0%| F|  |TAMS 0x000000009b700000, 0x000000009b700000| Untracked 
| 440|0x000000009b800000, 0x000000009b800000, 0x000000009b900000|  0%| F|  |TAMS 0x000000009b800000, 0x000000009b800000| Untracked 
| 441|0x000000009b900000, 0x000000009b900000, 0x000000009ba00000|  0%| F|  |TAMS 0x000000009b900000, 0x000000009b900000| Untracked 
| 442|0x000000009ba00000, 0x000000009ba00000, 0x000000009bb00000|  0%| F|  |TAMS 0x000000009ba00000, 0x000000009ba00000| Untracked 
| 443|0x000000009bb00000, 0x000000009bb00000, 0x000000009bc00000|  0%| F|  |TAMS 0x000000009bb00000, 0x000000009bb00000| Untracked 
| 444|0x000000009bc00000, 0x000000009bc00000, 0x000000009bd00000|  0%| F|  |TAMS 0x000000009bc00000, 0x000000009bc00000| Untracked 
| 445|0x000000009bd00000, 0x000000009bd00000, 0x000000009be00000|  0%| F|  |TAMS 0x000000009bd00000, 0x000000009bd00000| Untracked 
| 446|0x000000009be00000, 0x000000009be00000, 0x000000009bf00000|  0%| F|  |TAMS 0x000000009be00000, 0x000000009be00000| Untracked 
| 447|0x000000009bf00000, 0x000000009bf00000, 0x000000009c000000|  0%| F|  |TAMS 0x000000009bf00000, 0x000000009bf00000| Untracked 
| 448|0x000000009c000000, 0x000000009c000000, 0x000000009c100000|  0%| F|  |TAMS 0x000000009c000000, 0x000000009c000000| Untracked 
| 449|0x000000009c100000, 0x000000009c100000, 0x000000009c200000|  0%| F|  |TAMS 0x000000009c100000, 0x000000009c100000| Untracked 
| 450|0x000000009c200000, 0x000000009c200000, 0x000000009c300000|  0%| F|  |TAMS 0x000000009c200000, 0x000000009c200000| Untracked 
| 451|0x000000009c300000, 0x000000009c300000, 0x000000009c400000|  0%| F|  |TAMS 0x000000009c300000, 0x000000009c300000| Untracked 
| 452|0x000000009c400000, 0x000000009c400000, 0x000000009c500000|  0%| F|  |TAMS 0x000000009c400000, 0x000000009c400000| Untracked 
| 453|0x000000009c500000, 0x000000009c500000, 0x000000009c600000|  0%| F|  |TAMS 0x000000009c500000, 0x000000009c500000| Untracked 
| 454|0x000000009c600000, 0x000000009c600000, 0x000000009c700000|  0%| F|  |TAMS 0x000000009c600000, 0x000000009c600000| Untracked 
| 455|0x000000009c700000, 0x000000009c700000, 0x000000009c800000|  0%| F|  |TAMS 0x000000009c700000, 0x000000009c700000| Untracked 
| 456|0x000000009c800000, 0x000000009c800000, 0x000000009c900000|  0%| F|  |TAMS 0x000000009c800000, 0x000000009c800000| Untracked 
| 457|0x000000009c900000, 0x000000009c900000, 0x000000009ca00000|  0%| F|  |TAMS 0x000000009c900000, 0x000000009c900000| Untracked 
| 458|0x000000009ca00000, 0x000000009ca00000, 0x000000009cb00000|  0%| F|  |TAMS 0x000000009ca00000, 0x000000009ca00000| Untracked 
| 459|0x000000009cb00000, 0x000000009cb00000, 0x000000009cc00000|  0%| F|  |TAMS 0x000000009cb00000, 0x000000009cb00000| Untracked 
| 460|0x000000009cc00000, 0x000000009cc00000, 0x000000009cd00000|  0%| F|  |TAMS 0x000000009cc00000, 0x000000009cc00000| Untracked 
| 461|0x000000009cd00000, 0x000000009cd00000, 0x000000009ce00000|  0%| F|  |TAMS 0x000000009cd00000, 0x000000009cd00000| Untracked 
| 462|0x000000009ce00000, 0x000000009ce00000, 0x000000009cf00000|  0%| F|  |TAMS 0x000000009ce00000, 0x000000009ce00000| Untracked 
| 463|0x000000009cf00000, 0x000000009cf00000, 0x000000009d000000|  0%| F|  |TAMS 0x000000009cf00000, 0x000000009cf00000| Untracked 
| 464|0x000000009d000000, 0x000000009d000000, 0x000000009d100000|  0%| F|  |TAMS 0x000000009d000000, 0x000000009d000000| Untracked 
| 465|0x000000009d100000, 0x000000009d100000, 0x000000009d200000|  0%| F|  |TAMS 0x000000009d100000, 0x000000009d100000| Untracked 
| 466|0x000000009d200000, 0x000000009d200000, 0x000000009d300000|  0%| F|  |TAMS 0x000000009d200000, 0x000000009d200000| Untracked 
| 467|0x000000009d300000, 0x000000009d300000, 0x000000009d400000|  0%| F|  |TAMS 0x000000009d300000, 0x000000009d300000| Untracked 
| 468|0x000000009d400000, 0x000000009d400000, 0x000000009d500000|  0%| F|  |TAMS 0x000000009d400000, 0x000000009d400000| Untracked 
| 469|0x000000009d500000, 0x000000009d500000, 0x000000009d600000|  0%| F|  |TAMS 0x000000009d500000, 0x000000009d500000| Untracked 
| 470|0x000000009d600000, 0x000000009d600000, 0x000000009d700000|  0%| F|  |TAMS 0x000000009d600000, 0x000000009d600000| Untracked 
| 471|0x000000009d700000, 0x000000009d700000, 0x000000009d800000|  0%| F|  |TAMS 0x000000009d700000, 0x000000009d700000| Untracked 
| 472|0x000000009d800000, 0x000000009d800000, 0x000000009d900000|  0%| F|  |TAMS 0x000000009d800000, 0x000000009d800000| Untracked 
| 473|0x000000009d900000, 0x000000009d900000, 0x000000009da00000|  0%| F|  |TAMS 0x000000009d900000, 0x000000009d900000| Untracked 
| 474|0x000000009da00000, 0x000000009da00000, 0x000000009db00000|  0%| F|  |TAMS 0x000000009da00000, 0x000000009da00000| Untracked 
| 475|0x000000009db00000, 0x000000009db00000, 0x000000009dc00000|  0%| F|  |TAMS 0x000000009db00000, 0x000000009db00000| Untracked 
| 476|0x000000009dc00000, 0x000000009dc00000, 0x000000009dd00000|  0%| F|  |TAMS 0x000000009dc00000, 0x000000009dc00000| Untracked 
| 477|0x000000009dd00000, 0x000000009dd00000, 0x000000009de00000|  0%| F|  |TAMS 0x000000009dd00000, 0x000000009dd00000| Untracked 
| 478|0x000000009de00000, 0x000000009de00000, 0x000000009df00000|  0%| F|  |TAMS 0x000000009de00000, 0x000000009de00000| Untracked 
| 479|0x000000009df00000, 0x000000009df00000, 0x000000009e000000|  0%| F|  |TAMS 0x000000009df00000, 0x000000009df00000| Untracked 
| 480|0x000000009e000000, 0x000000009e000000, 0x000000009e100000|  0%| F|  |TAMS 0x000000009e000000, 0x000000009e000000| Untracked 
| 481|0x000000009e100000, 0x000000009e100000, 0x000000009e200000|  0%| F|  |TAMS 0x000000009e100000, 0x000000009e100000| Untracked 
| 482|0x000000009e200000, 0x000000009e200000, 0x000000009e300000|  0%| F|  |TAMS 0x000000009e200000, 0x000000009e200000| Untracked 
| 483|0x000000009e300000, 0x000000009e300000, 0x000000009e400000|  0%| F|  |TAMS 0x000000009e300000, 0x000000009e300000| Untracked 
| 484|0x000000009e400000, 0x000000009e400000, 0x000000009e500000|  0%| F|  |TAMS 0x000000009e400000, 0x000000009e400000| Untracked 
| 485|0x000000009e500000, 0x000000009e500000, 0x000000009e600000|  0%| F|  |TAMS 0x000000009e500000, 0x000000009e500000| Untracked 
| 486|0x000000009e600000, 0x000000009e600000, 0x000000009e700000|  0%| F|  |TAMS 0x000000009e600000, 0x000000009e600000| Untracked 
| 487|0x000000009e700000, 0x000000009e700000, 0x000000009e800000|  0%| F|  |TAMS 0x000000009e700000, 0x000000009e700000| Untracked 
| 488|0x000000009e800000, 0x000000009e800000, 0x000000009e900000|  0%| F|  |TAMS 0x000000009e800000, 0x000000009e800000| Untracked 
| 489|0x000000009e900000, 0x000000009e900000, 0x000000009ea00000|  0%| F|  |TAMS 0x000000009e900000, 0x000000009e900000| Untracked 
| 490|0x000000009ea00000, 0x000000009ea00000, 0x000000009eb00000|  0%| F|  |TAMS 0x000000009ea00000, 0x000000009ea00000| Untracked 
| 491|0x000000009eb00000, 0x000000009eb00000, 0x000000009ec00000|  0%| F|  |TAMS 0x000000009eb00000, 0x000000009eb00000| Untracked 
| 492|0x000000009ec00000, 0x000000009ec00000, 0x000000009ed00000|  0%| F|  |TAMS 0x000000009ec00000, 0x000000009ec00000| Untracked 
| 493|0x000000009ed00000, 0x000000009ed00000, 0x000000009ee00000|  0%| F|  |TAMS 0x000000009ed00000, 0x000000009ed00000| Untracked 
| 494|0x000000009ee00000, 0x000000009ee00000, 0x000000009ef00000|  0%| F|  |TAMS 0x000000009ee00000, 0x000000009ee00000| Untracked 
| 495|0x000000009ef00000, 0x000000009ef00000, 0x000000009f000000|  0%| F|  |TAMS 0x000000009ef00000, 0x000000009ef00000| Untracked 
| 496|0x000000009f000000, 0x000000009f000000, 0x000000009f100000|  0%| F|  |TAMS 0x000000009f000000, 0x000000009f000000| Untracked 
| 497|0x000000009f100000, 0x000000009f100000, 0x000000009f200000|  0%| F|  |TAMS 0x000000009f100000, 0x000000009f100000| Untracked 
| 498|0x000000009f200000, 0x000000009f200000, 0x000000009f300000|  0%| F|  |TAMS 0x000000009f200000, 0x000000009f200000| Untracked 
| 499|0x000000009f300000, 0x000000009f300000, 0x000000009f400000|  0%| F|  |TAMS 0x000000009f300000, 0x000000009f300000| Untracked 
| 500|0x000000009f400000, 0x000000009f400000, 0x000000009f500000|  0%| F|  |TAMS 0x000000009f400000, 0x000000009f400000| Untracked 
| 501|0x000000009f500000, 0x000000009f500000, 0x000000009f600000|  0%| F|  |TAMS 0x000000009f500000, 0x000000009f500000| Untracked 
| 502|0x000000009f600000, 0x000000009f600000, 0x000000009f700000|  0%| F|  |TAMS 0x000000009f600000, 0x000000009f600000| Untracked 
| 503|0x000000009f700000, 0x000000009f700000, 0x000000009f800000|  0%| F|  |TAMS 0x000000009f700000, 0x000000009f700000| Untracked 
| 504|0x000000009f800000, 0x000000009f800000, 0x000000009f900000|  0%| F|  |TAMS 0x000000009f800000, 0x000000009f800000| Untracked 
| 505|0x000000009f900000, 0x000000009f900000, 0x000000009fa00000|  0%| F|  |TAMS 0x000000009f900000, 0x000000009f900000| Untracked 
| 506|0x000000009fa00000, 0x000000009fa00000, 0x000000009fb00000|  0%| F|  |TAMS 0x000000009fa00000, 0x000000009fa00000| Untracked 
| 507|0x000000009fb00000, 0x000000009fb00000, 0x000000009fc00000|  0%| F|  |TAMS 0x000000009fb00000, 0x000000009fb00000| Untracked 
| 508|0x000000009fc00000, 0x000000009fc00000, 0x000000009fd00000|  0%| F|  |TAMS 0x000000009fc00000, 0x000000009fc00000| Untracked 
| 509|0x000000009fd00000, 0x000000009fd00000, 0x000000009fe00000|  0%| F|  |TAMS 0x000000009fd00000, 0x000000009fd00000| Untracked 
| 510|0x000000009fe00000, 0x000000009fe00000, 0x000000009ff00000|  0%| F|  |TAMS 0x000000009fe00000, 0x000000009fe00000| Untracked 
| 511|0x000000009ff00000, 0x000000009ff00000, 0x00000000a0000000|  0%| F|  |TAMS 0x000000009ff00000, 0x000000009ff00000| Untracked 
| 512|0x00000000a0000000, 0x00000000a0000000, 0x00000000a0100000|  0%| F|  |TAMS 0x00000000a0000000, 0x00000000a0000000| Untracked 
| 513|0x00000000a0100000, 0x00000000a0100000, 0x00000000a0200000|  0%| F|  |TAMS 0x00000000a0100000, 0x00000000a0100000| Untracked 
| 514|0x00000000a0200000, 0x00000000a0200000, 0x00000000a0300000|  0%| F|  |TAMS 0x00000000a0200000, 0x00000000a0200000| Untracked 
| 515|0x00000000a0300000, 0x00000000a0300000, 0x00000000a0400000|  0%| F|  |TAMS 0x00000000a0300000, 0x00000000a0300000| Untracked 
| 516|0x00000000a0400000, 0x00000000a0400000, 0x00000000a0500000|  0%| F|  |TAMS 0x00000000a0400000, 0x00000000a0400000| Untracked 
| 517|0x00000000a0500000, 0x00000000a0500000, 0x00000000a0600000|  0%| F|  |TAMS 0x00000000a0500000, 0x00000000a0500000| Untracked 
| 518|0x00000000a0600000, 0x00000000a0600000, 0x00000000a0700000|  0%| F|  |TAMS 0x00000000a0600000, 0x00000000a0600000| Untracked 
| 519|0x00000000a0700000, 0x00000000a0700000, 0x00000000a0800000|  0%| F|  |TAMS 0x00000000a0700000, 0x00000000a0700000| Untracked 
| 520|0x00000000a0800000, 0x00000000a0800000, 0x00000000a0900000|  0%| F|  |TAMS 0x00000000a0800000, 0x00000000a0800000| Untracked 
| 521|0x00000000a0900000, 0x00000000a0900000, 0x00000000a0a00000|  0%| F|  |TAMS 0x00000000a0900000, 0x00000000a0900000| Untracked 
| 522|0x00000000a0a00000, 0x00000000a0a00000, 0x00000000a0b00000|  0%| F|  |TAMS 0x00000000a0a00000, 0x00000000a0a00000| Untracked 
| 523|0x00000000a0b00000, 0x00000000a0b00000, 0x00000000a0c00000|  0%| F|  |TAMS 0x00000000a0b00000, 0x00000000a0b00000| Untracked 
| 524|0x00000000a0c00000, 0x00000000a0c00000, 0x00000000a0d00000|  0%| F|  |TAMS 0x00000000a0c00000, 0x00000000a0c00000| Untracked 
| 525|0x00000000a0d00000, 0x00000000a0d00000, 0x00000000a0e00000|  0%| F|  |TAMS 0x00000000a0d00000, 0x00000000a0d00000| Untracked 
| 526|0x00000000a0e00000, 0x00000000a0e00000, 0x00000000a0f00000|  0%| F|  |TAMS 0x00000000a0e00000, 0x00000000a0e00000| Untracked 
| 527|0x00000000a0f00000, 0x00000000a0f00000, 0x00000000a1000000|  0%| F|  |TAMS 0x00000000a0f00000, 0x00000000a0f00000| Untracked 
| 528|0x00000000a1000000, 0x00000000a1000000, 0x00000000a1100000|  0%| F|  |TAMS 0x00000000a1000000, 0x00000000a1000000| Untracked 
| 529|0x00000000a1100000, 0x00000000a1100000, 0x00000000a1200000|  0%| F|  |TAMS 0x00000000a1100000, 0x00000000a1100000| Untracked 
| 530|0x00000000a1200000, 0x00000000a1200000, 0x00000000a1300000|  0%| F|  |TAMS 0x00000000a1200000, 0x00000000a1200000| Untracked 
| 531|0x00000000a1300000, 0x00000000a1300000, 0x00000000a1400000|  0%| F|  |TAMS 0x00000000a1300000, 0x00000000a1300000| Untracked 
| 532|0x00000000a1400000, 0x00000000a1400000, 0x00000000a1500000|  0%| F|  |TAMS 0x00000000a1400000, 0x00000000a1400000| Untracked 
| 533|0x00000000a1500000, 0x00000000a1500000, 0x00000000a1600000|  0%| F|  |TAMS 0x00000000a1500000, 0x00000000a1500000| Untracked 
| 534|0x00000000a1600000, 0x00000000a1600000, 0x00000000a1700000|  0%| F|  |TAMS 0x00000000a1600000, 0x00000000a1600000| Untracked 
| 535|0x00000000a1700000, 0x00000000a1700000, 0x00000000a1800000|  0%| F|  |TAMS 0x00000000a1700000, 0x00000000a1700000| Untracked 
| 536|0x00000000a1800000, 0x00000000a1800000, 0x00000000a1900000|  0%| F|  |TAMS 0x00000000a1800000, 0x00000000a1800000| Untracked 
| 537|0x00000000a1900000, 0x00000000a1900000, 0x00000000a1a00000|  0%| F|  |TAMS 0x00000000a1900000, 0x00000000a1900000| Untracked 
| 538|0x00000000a1a00000, 0x00000000a1a00000, 0x00000000a1b00000|  0%| F|  |TAMS 0x00000000a1a00000, 0x00000000a1a00000| Untracked 
| 539|0x00000000a1b00000, 0x00000000a1bed3f0, 0x00000000a1c00000| 92%| S|CS|TAMS 0x00000000a1b00000, 0x00000000a1b00000| Complete 
| 540|0x00000000a1c00000, 0x00000000a1d00000, 0x00000000a1d00000|100%| S|CS|TAMS 0x00000000a1c00000, 0x00000000a1c00000| Complete 
| 541|0x00000000a1d00000, 0x00000000a1e00000, 0x00000000a1e00000|100%| S|CS|TAMS 0x00000000a1d00000, 0x00000000a1d00000| Complete 
| 542|0x00000000a1e00000, 0x00000000a1f00000, 0x00000000a1f00000|100%| S|CS|TAMS 0x00000000a1e00000, 0x00000000a1e00000| Complete 
| 543|0x00000000a1f00000, 0x00000000a2000000, 0x00000000a2000000|100%| S|CS|TAMS 0x00000000a1f00000, 0x00000000a1f00000| Complete 
| 544|0x00000000a2000000, 0x00000000a2100000, 0x00000000a2100000|100%| S|CS|TAMS 0x00000000a2000000, 0x00000000a2000000| Complete 
| 545|0x00000000a2100000, 0x00000000a2200000, 0x00000000a2200000|100%| S|CS|TAMS 0x00000000a2100000, 0x00000000a2100000| Complete 
| 546|0x00000000a2200000, 0x00000000a2300000, 0x00000000a2300000|100%| S|CS|TAMS 0x00000000a2200000, 0x00000000a2200000| Complete 
| 547|0x00000000a2300000, 0x00000000a2400000, 0x00000000a2400000|100%| S|CS|TAMS 0x00000000a2300000, 0x00000000a2300000| Complete 
| 548|0x00000000a2400000, 0x00000000a2500000, 0x00000000a2500000|100%| S|CS|TAMS 0x00000000a2400000, 0x00000000a2400000| Complete 
| 549|0x00000000a2500000, 0x00000000a2600000, 0x00000000a2600000|100%| S|CS|TAMS 0x00000000a2500000, 0x00000000a2500000| Complete 
| 550|0x00000000a2600000, 0x00000000a2700000, 0x00000000a2700000|100%| S|CS|TAMS 0x00000000a2600000, 0x00000000a2600000| Complete 
| 551|0x00000000a2700000, 0x00000000a2800000, 0x00000000a2800000|100%| S|CS|TAMS 0x00000000a2700000, 0x00000000a2700000| Complete 
| 552|0x00000000a2800000, 0x00000000a2900000, 0x00000000a2900000|100%| S|CS|TAMS 0x00000000a2800000, 0x00000000a2800000| Complete 
| 553|0x00000000a2900000, 0x00000000a2a00000, 0x00000000a2a00000|100%| S|CS|TAMS 0x00000000a2900000, 0x00000000a2900000| Complete 
| 554|0x00000000a2a00000, 0x00000000a2b00000, 0x00000000a2b00000|100%| S|CS|TAMS 0x00000000a2a00000, 0x00000000a2a00000| Complete 
| 555|0x00000000a2b00000, 0x00000000a2c00000, 0x00000000a2c00000|100%| S|CS|TAMS 0x00000000a2b00000, 0x00000000a2b00000| Complete 
| 556|0x00000000a2c00000, 0x00000000a2d00000, 0x00000000a2d00000|100%| S|CS|TAMS 0x00000000a2c00000, 0x00000000a2c00000| Complete 
| 557|0x00000000a2d00000, 0x00000000a2d00000, 0x00000000a2e00000|  0%| F|  |TAMS 0x00000000a2d00000, 0x00000000a2d00000| Untracked 
| 558|0x00000000a2e00000, 0x00000000a2e00000, 0x00000000a2f00000|  0%| F|  |TAMS 0x00000000a2e00000, 0x00000000a2e00000| Untracked 
| 559|0x00000000a2f00000, 0x00000000a2f00000, 0x00000000a3000000|  0%| F|  |TAMS 0x00000000a2f00000, 0x00000000a2f00000| Untracked 
| 560|0x00000000a3000000, 0x00000000a3000000, 0x00000000a3100000|  0%| F|  |TAMS 0x00000000a3000000, 0x00000000a3000000| Untracked 
| 561|0x00000000a3100000, 0x00000000a3100000, 0x00000000a3200000|  0%| F|  |TAMS 0x00000000a3100000, 0x00000000a3100000| Untracked 
| 562|0x00000000a3200000, 0x00000000a3200000, 0x00000000a3300000|  0%| F|  |TAMS 0x00000000a3200000, 0x00000000a3200000| Untracked 
| 563|0x00000000a3300000, 0x00000000a3300000, 0x00000000a3400000|  0%| F|  |TAMS 0x00000000a3300000, 0x00000000a3300000| Untracked 
| 564|0x00000000a3400000, 0x00000000a3400000, 0x00000000a3500000|  0%| F|  |TAMS 0x00000000a3400000, 0x00000000a3400000| Untracked 
| 565|0x00000000a3500000, 0x00000000a3500000, 0x00000000a3600000|  0%| F|  |TAMS 0x00000000a3500000, 0x00000000a3500000| Untracked 
| 566|0x00000000a3600000, 0x00000000a3600000, 0x00000000a3700000|  0%| F|  |TAMS 0x00000000a3600000, 0x00000000a3600000| Untracked 
| 567|0x00000000a3700000, 0x00000000a3700000, 0x00000000a3800000|  0%| F|  |TAMS 0x00000000a3700000, 0x00000000a3700000| Untracked 
| 568|0x00000000a3800000, 0x00000000a3800000, 0x00000000a3900000|  0%| F|  |TAMS 0x00000000a3800000, 0x00000000a3800000| Untracked 
| 569|0x00000000a3900000, 0x00000000a3900000, 0x00000000a3a00000|  0%| F|  |TAMS 0x00000000a3900000, 0x00000000a3900000| Untracked 
| 570|0x00000000a3a00000, 0x00000000a3a00000, 0x00000000a3b00000|  0%| F|  |TAMS 0x00000000a3a00000, 0x00000000a3a00000| Untracked 
| 571|0x00000000a3b00000, 0x00000000a3b00000, 0x00000000a3c00000|  0%| F|  |TAMS 0x00000000a3b00000, 0x00000000a3b00000| Untracked 
| 572|0x00000000a3c00000, 0x00000000a3c00000, 0x00000000a3d00000|  0%| F|  |TAMS 0x00000000a3c00000, 0x00000000a3c00000| Untracked 
| 573|0x00000000a3d00000, 0x00000000a3d00000, 0x00000000a3e00000|  0%| F|  |TAMS 0x00000000a3d00000, 0x00000000a3d00000| Untracked 
| 574|0x00000000a3e00000, 0x00000000a3e00000, 0x00000000a3f00000|  0%| F|  |TAMS 0x00000000a3e00000, 0x00000000a3e00000| Untracked 
| 575|0x00000000a3f00000, 0x00000000a3f00000, 0x00000000a4000000|  0%| F|  |TAMS 0x00000000a3f00000, 0x00000000a3f00000| Untracked 
| 576|0x00000000a4000000, 0x00000000a4000000, 0x00000000a4100000|  0%| F|  |TAMS 0x00000000a4000000, 0x00000000a4000000| Untracked 
| 577|0x00000000a4100000, 0x00000000a4100000, 0x00000000a4200000|  0%| F|  |TAMS 0x00000000a4100000, 0x00000000a4100000| Untracked 
| 578|0x00000000a4200000, 0x00000000a4200000, 0x00000000a4300000|  0%| F|  |TAMS 0x00000000a4200000, 0x00000000a4200000| Untracked 
| 579|0x00000000a4300000, 0x00000000a4300000, 0x00000000a4400000|  0%| F|  |TAMS 0x00000000a4300000, 0x00000000a4300000| Untracked 
| 580|0x00000000a4400000, 0x00000000a4400000, 0x00000000a4500000|  0%| F|  |TAMS 0x00000000a4400000, 0x00000000a4400000| Untracked 
| 581|0x00000000a4500000, 0x00000000a4500000, 0x00000000a4600000|  0%| F|  |TAMS 0x00000000a4500000, 0x00000000a4500000| Untracked 
| 582|0x00000000a4600000, 0x00000000a4600000, 0x00000000a4700000|  0%| F|  |TAMS 0x00000000a4600000, 0x00000000a4600000| Untracked 
| 583|0x00000000a4700000, 0x00000000a4700000, 0x00000000a4800000|  0%| F|  |TAMS 0x00000000a4700000, 0x00000000a4700000| Untracked 
| 584|0x00000000a4800000, 0x00000000a4800000, 0x00000000a4900000|  0%| F|  |TAMS 0x00000000a4800000, 0x00000000a4800000| Untracked 
| 585|0x00000000a4900000, 0x00000000a4900000, 0x00000000a4a00000|  0%| F|  |TAMS 0x00000000a4900000, 0x00000000a4900000| Untracked 
| 586|0x00000000a4a00000, 0x00000000a4a00000, 0x00000000a4b00000|  0%| F|  |TAMS 0x00000000a4a00000, 0x00000000a4a00000| Untracked 
| 587|0x00000000a4b00000, 0x00000000a4b00000, 0x00000000a4c00000|  0%| F|  |TAMS 0x00000000a4b00000, 0x00000000a4b00000| Untracked 
| 588|0x00000000a4c00000, 0x00000000a4c00000, 0x00000000a4d00000|  0%| F|  |TAMS 0x00000000a4c00000, 0x00000000a4c00000| Untracked 
| 589|0x00000000a4d00000, 0x00000000a4d00000, 0x00000000a4e00000|  0%| F|  |TAMS 0x00000000a4d00000, 0x00000000a4d00000| Untracked 
| 590|0x00000000a4e00000, 0x00000000a4e00000, 0x00000000a4f00000|  0%| F|  |TAMS 0x00000000a4e00000, 0x00000000a4e00000| Untracked 
| 591|0x00000000a4f00000, 0x00000000a4f00000, 0x00000000a5000000|  0%| F|  |TAMS 0x00000000a4f00000, 0x00000000a4f00000| Untracked 
| 592|0x00000000a5000000, 0x00000000a5000000, 0x00000000a5100000|  0%| F|  |TAMS 0x00000000a5000000, 0x00000000a5000000| Untracked 
| 593|0x00000000a5100000, 0x00000000a5100000, 0x00000000a5200000|  0%| F|  |TAMS 0x00000000a5100000, 0x00000000a5100000| Untracked 
| 594|0x00000000a5200000, 0x00000000a5200000, 0x00000000a5300000|  0%| F|  |TAMS 0x00000000a5200000, 0x00000000a5200000| Untracked 
| 595|0x00000000a5300000, 0x00000000a5300000, 0x00000000a5400000|  0%| F|  |TAMS 0x00000000a5300000, 0x00000000a5300000| Untracked 
| 596|0x00000000a5400000, 0x00000000a5400000, 0x00000000a5500000|  0%| F|  |TAMS 0x00000000a5400000, 0x00000000a5400000| Untracked 
| 597|0x00000000a5500000, 0x00000000a5500000, 0x00000000a5600000|  0%| F|  |TAMS 0x00000000a5500000, 0x00000000a5500000| Untracked 
| 598|0x00000000a5600000, 0x00000000a5600000, 0x00000000a5700000|  0%| F|  |TAMS 0x00000000a5600000, 0x00000000a5600000| Untracked 
| 599|0x00000000a5700000, 0x00000000a5700000, 0x00000000a5800000|  0%| F|  |TAMS 0x00000000a5700000, 0x00000000a5700000| Untracked 
| 600|0x00000000a5800000, 0x00000000a5800000, 0x00000000a5900000|  0%| F|  |TAMS 0x00000000a5800000, 0x00000000a5800000| Untracked 
| 601|0x00000000a5900000, 0x00000000a5900000, 0x00000000a5a00000|  0%| F|  |TAMS 0x00000000a5900000, 0x00000000a5900000| Untracked 
| 602|0x00000000a5a00000, 0x00000000a5a00000, 0x00000000a5b00000|  0%| F|  |TAMS 0x00000000a5a00000, 0x00000000a5a00000| Untracked 
| 603|0x00000000a5b00000, 0x00000000a5b00000, 0x00000000a5c00000|  0%| F|  |TAMS 0x00000000a5b00000, 0x00000000a5b00000| Untracked 
| 604|0x00000000a5c00000, 0x00000000a5c00000, 0x00000000a5d00000|  0%| F|  |TAMS 0x00000000a5c00000, 0x00000000a5c00000| Untracked 
| 605|0x00000000a5d00000, 0x00000000a5d00000, 0x00000000a5e00000|  0%| F|  |TAMS 0x00000000a5d00000, 0x00000000a5d00000| Untracked 
| 606|0x00000000a5e00000, 0x00000000a5e00000, 0x00000000a5f00000|  0%| F|  |TAMS 0x00000000a5e00000, 0x00000000a5e00000| Untracked 
| 607|0x00000000a5f00000, 0x00000000a5f00000, 0x00000000a6000000|  0%| F|  |TAMS 0x00000000a5f00000, 0x00000000a5f00000| Untracked 
| 608|0x00000000a6000000, 0x00000000a6000000, 0x00000000a6100000|  0%| F|  |TAMS 0x00000000a6000000, 0x00000000a6000000| Untracked 
| 609|0x00000000a6100000, 0x00000000a6100000, 0x00000000a6200000|  0%| F|  |TAMS 0x00000000a6100000, 0x00000000a6100000| Untracked 
| 610|0x00000000a6200000, 0x00000000a6200000, 0x00000000a6300000|  0%| F|  |TAMS 0x00000000a6200000, 0x00000000a6200000| Untracked 
| 611|0x00000000a6300000, 0x00000000a6300000, 0x00000000a6400000|  0%| F|  |TAMS 0x00000000a6300000, 0x00000000a6300000| Untracked 
| 612|0x00000000a6400000, 0x00000000a6400000, 0x00000000a6500000|  0%| F|  |TAMS 0x00000000a6400000, 0x00000000a6400000| Untracked 
| 613|0x00000000a6500000, 0x00000000a6500000, 0x00000000a6600000|  0%| F|  |TAMS 0x00000000a6500000, 0x00000000a6500000| Untracked 
| 614|0x00000000a6600000, 0x00000000a6600000, 0x00000000a6700000|  0%| F|  |TAMS 0x00000000a6600000, 0x00000000a6600000| Untracked 
| 615|0x00000000a6700000, 0x00000000a6700000, 0x00000000a6800000|  0%| F|  |TAMS 0x00000000a6700000, 0x00000000a6700000| Untracked 
| 616|0x00000000a6800000, 0x00000000a6800000, 0x00000000a6900000|  0%| F|  |TAMS 0x00000000a6800000, 0x00000000a6800000| Untracked 
| 617|0x00000000a6900000, 0x00000000a6900000, 0x00000000a6a00000|  0%| F|  |TAMS 0x00000000a6900000, 0x00000000a6900000| Untracked 
| 618|0x00000000a6a00000, 0x00000000a6a00000, 0x00000000a6b00000|  0%| F|  |TAMS 0x00000000a6a00000, 0x00000000a6a00000| Untracked 
| 619|0x00000000a6b00000, 0x00000000a6b00000, 0x00000000a6c00000|  0%| F|  |TAMS 0x00000000a6b00000, 0x00000000a6b00000| Untracked 
| 620|0x00000000a6c00000, 0x00000000a6c00000, 0x00000000a6d00000|  0%| F|  |TAMS 0x00000000a6c00000, 0x00000000a6c00000| Untracked 
| 621|0x00000000a6d00000, 0x00000000a6d00000, 0x00000000a6e00000|  0%| F|  |TAMS 0x00000000a6d00000, 0x00000000a6d00000| Untracked 
| 622|0x00000000a6e00000, 0x00000000a6e00000, 0x00000000a6f00000|  0%| F|  |TAMS 0x00000000a6e00000, 0x00000000a6e00000| Untracked 
| 623|0x00000000a6f00000, 0x00000000a6f00000, 0x00000000a7000000|  0%| F|  |TAMS 0x00000000a6f00000, 0x00000000a6f00000| Untracked 
| 624|0x00000000a7000000, 0x00000000a7000000, 0x00000000a7100000|  0%| F|  |TAMS 0x00000000a7000000, 0x00000000a7000000| Untracked 
| 625|0x00000000a7100000, 0x00000000a7100000, 0x00000000a7200000|  0%| F|  |TAMS 0x00000000a7100000, 0x00000000a7100000| Untracked 
| 626|0x00000000a7200000, 0x00000000a7200000, 0x00000000a7300000|  0%| F|  |TAMS 0x00000000a7200000, 0x00000000a7200000| Untracked 
| 627|0x00000000a7300000, 0x00000000a7300000, 0x00000000a7400000|  0%| F|  |TAMS 0x00000000a7300000, 0x00000000a7300000| Untracked 
| 628|0x00000000a7400000, 0x00000000a7400000, 0x00000000a7500000|  0%| F|  |TAMS 0x00000000a7400000, 0x00000000a7400000| Untracked 
| 629|0x00000000a7500000, 0x00000000a7500000, 0x00000000a7600000|  0%| F|  |TAMS 0x00000000a7500000, 0x00000000a7500000| Untracked 
| 630|0x00000000a7600000, 0x00000000a7600000, 0x00000000a7700000|  0%| F|  |TAMS 0x00000000a7600000, 0x00000000a7600000| Untracked 
| 631|0x00000000a7700000, 0x00000000a7700000, 0x00000000a7800000|  0%| F|  |TAMS 0x00000000a7700000, 0x00000000a7700000| Untracked 
| 632|0x00000000a7800000, 0x00000000a7800000, 0x00000000a7900000|  0%| F|  |TAMS 0x00000000a7800000, 0x00000000a7800000| Untracked 
| 633|0x00000000a7900000, 0x00000000a7900000, 0x00000000a7a00000|  0%| F|  |TAMS 0x00000000a7900000, 0x00000000a7900000| Untracked 
| 634|0x00000000a7a00000, 0x00000000a7a00000, 0x00000000a7b00000|  0%| F|  |TAMS 0x00000000a7a00000, 0x00000000a7a00000| Untracked 
| 635|0x00000000a7b00000, 0x00000000a7b00000, 0x00000000a7c00000|  0%| F|  |TAMS 0x00000000a7b00000, 0x00000000a7b00000| Untracked 
| 636|0x00000000a7c00000, 0x00000000a7c00000, 0x00000000a7d00000|  0%| F|  |TAMS 0x00000000a7c00000, 0x00000000a7c00000| Untracked 
| 637|0x00000000a7d00000, 0x00000000a7d00000, 0x00000000a7e00000|  0%| F|  |TAMS 0x00000000a7d00000, 0x00000000a7d00000| Untracked 
| 638|0x00000000a7e00000, 0x00000000a7e00000, 0x00000000a7f00000|  0%| F|  |TAMS 0x00000000a7e00000, 0x00000000a7e00000| Untracked 
| 639|0x00000000a7f00000, 0x00000000a7f00000, 0x00000000a8000000|  0%| F|  |TAMS 0x00000000a7f00000, 0x00000000a7f00000| Untracked 
| 640|0x00000000a8000000, 0x00000000a8000000, 0x00000000a8100000|  0%| F|  |TAMS 0x00000000a8000000, 0x00000000a8000000| Untracked 
| 641|0x00000000a8100000, 0x00000000a8100000, 0x00000000a8200000|  0%| F|  |TAMS 0x00000000a8100000, 0x00000000a8100000| Untracked 
| 642|0x00000000a8200000, 0x00000000a8200000, 0x00000000a8300000|  0%| F|  |TAMS 0x00000000a8200000, 0x00000000a8200000| Untracked 
| 643|0x00000000a8300000, 0x00000000a8300000, 0x00000000a8400000|  0%| F|  |TAMS 0x00000000a8300000, 0x00000000a8300000| Untracked 
| 644|0x00000000a8400000, 0x00000000a8400000, 0x00000000a8500000|  0%| F|  |TAMS 0x00000000a8400000, 0x00000000a8400000| Untracked 
| 645|0x00000000a8500000, 0x00000000a8500000, 0x00000000a8600000|  0%| F|  |TAMS 0x00000000a8500000, 0x00000000a8500000| Untracked 
| 646|0x00000000a8600000, 0x00000000a8600000, 0x00000000a8700000|  0%| F|  |TAMS 0x00000000a8600000, 0x00000000a8600000| Untracked 
| 647|0x00000000a8700000, 0x00000000a8700000, 0x00000000a8800000|  0%| F|  |TAMS 0x00000000a8700000, 0x00000000a8700000| Untracked 
| 648|0x00000000a8800000, 0x00000000a8800000, 0x00000000a8900000|  0%| F|  |TAMS 0x00000000a8800000, 0x00000000a8800000| Untracked 
| 649|0x00000000a8900000, 0x00000000a8900000, 0x00000000a8a00000|  0%| F|  |TAMS 0x00000000a8900000, 0x00000000a8900000| Untracked 
| 650|0x00000000a8a00000, 0x00000000a8a00000, 0x00000000a8b00000|  0%| F|  |TAMS 0x00000000a8a00000, 0x00000000a8a00000| Untracked 
| 651|0x00000000a8b00000, 0x00000000a8b00000, 0x00000000a8c00000|  0%| F|  |TAMS 0x00000000a8b00000, 0x00000000a8b00000| Untracked 
| 652|0x00000000a8c00000, 0x00000000a8c00000, 0x00000000a8d00000|  0%| F|  |TAMS 0x00000000a8c00000, 0x00000000a8c00000| Untracked 
| 653|0x00000000a8d00000, 0x00000000a8d00000, 0x00000000a8e00000|  0%| F|  |TAMS 0x00000000a8d00000, 0x00000000a8d00000| Untracked 
| 654|0x00000000a8e00000, 0x00000000a8e00000, 0x00000000a8f00000|  0%| F|  |TAMS 0x00000000a8e00000, 0x00000000a8e00000| Untracked 
| 655|0x00000000a8f00000, 0x00000000a8f00000, 0x00000000a9000000|  0%| F|  |TAMS 0x00000000a8f00000, 0x00000000a8f00000| Untracked 
| 656|0x00000000a9000000, 0x00000000a9000000, 0x00000000a9100000|  0%| F|  |TAMS 0x00000000a9000000, 0x00000000a9000000| Untracked 
| 657|0x00000000a9100000, 0x00000000a9100000, 0x00000000a9200000|  0%| F|  |TAMS 0x00000000a9100000, 0x00000000a9100000| Untracked 
| 658|0x00000000a9200000, 0x00000000a9200000, 0x00000000a9300000|  0%| F|  |TAMS 0x00000000a9200000, 0x00000000a9200000| Untracked 
| 659|0x00000000a9300000, 0x00000000a9300000, 0x00000000a9400000|  0%| F|  |TAMS 0x00000000a9300000, 0x00000000a9300000| Untracked 
| 660|0x00000000a9400000, 0x00000000a9400000, 0x00000000a9500000|  0%| F|  |TAMS 0x00000000a9400000, 0x00000000a9400000| Untracked 
| 661|0x00000000a9500000, 0x00000000a9500000, 0x00000000a9600000|  0%| F|  |TAMS 0x00000000a9500000, 0x00000000a9500000| Untracked 
| 662|0x00000000a9600000, 0x00000000a9600000, 0x00000000a9700000|  0%| F|  |TAMS 0x00000000a9600000, 0x00000000a9600000| Untracked 
| 663|0x00000000a9700000, 0x00000000a9700000, 0x00000000a9800000|  0%| F|  |TAMS 0x00000000a9700000, 0x00000000a9700000| Untracked 
| 664|0x00000000a9800000, 0x00000000a9800000, 0x00000000a9900000|  0%| F|  |TAMS 0x00000000a9800000, 0x00000000a9800000| Untracked 
| 665|0x00000000a9900000, 0x00000000a9900000, 0x00000000a9a00000|  0%| F|  |TAMS 0x00000000a9900000, 0x00000000a9900000| Untracked 
| 666|0x00000000a9a00000, 0x00000000a9a00000, 0x00000000a9b00000|  0%| F|  |TAMS 0x00000000a9a00000, 0x00000000a9a00000| Untracked 
| 667|0x00000000a9b00000, 0x00000000a9b00000, 0x00000000a9c00000|  0%| F|  |TAMS 0x00000000a9b00000, 0x00000000a9b00000| Untracked 
| 668|0x00000000a9c00000, 0x00000000a9c00000, 0x00000000a9d00000|  0%| F|  |TAMS 0x00000000a9c00000, 0x00000000a9c00000| Untracked 
| 669|0x00000000a9d00000, 0x00000000a9d00000, 0x00000000a9e00000|  0%| F|  |TAMS 0x00000000a9d00000, 0x00000000a9d00000| Untracked 
| 670|0x00000000a9e00000, 0x00000000a9e00000, 0x00000000a9f00000|  0%| F|  |TAMS 0x00000000a9e00000, 0x00000000a9e00000| Untracked 
| 671|0x00000000a9f00000, 0x00000000a9f00000, 0x00000000aa000000|  0%| F|  |TAMS 0x00000000a9f00000, 0x00000000a9f00000| Untracked 
| 672|0x00000000aa000000, 0x00000000aa000000, 0x00000000aa100000|  0%| F|  |TAMS 0x00000000aa000000, 0x00000000aa000000| Untracked 
| 673|0x00000000aa100000, 0x00000000aa100000, 0x00000000aa200000|  0%| F|  |TAMS 0x00000000aa100000, 0x00000000aa100000| Untracked 
| 674|0x00000000aa200000, 0x00000000aa200000, 0x00000000aa300000|  0%| F|  |TAMS 0x00000000aa200000, 0x00000000aa200000| Untracked 
| 675|0x00000000aa300000, 0x00000000aa300000, 0x00000000aa400000|  0%| F|  |TAMS 0x00000000aa300000, 0x00000000aa300000| Untracked 
| 676|0x00000000aa400000, 0x00000000aa400000, 0x00000000aa500000|  0%| F|  |TAMS 0x00000000aa400000, 0x00000000aa400000| Untracked 
| 677|0x00000000aa500000, 0x00000000aa500000, 0x00000000aa600000|  0%| F|  |TAMS 0x00000000aa500000, 0x00000000aa500000| Untracked 
| 678|0x00000000aa600000, 0x00000000aa600000, 0x00000000aa700000|  0%| F|  |TAMS 0x00000000aa600000, 0x00000000aa600000| Untracked 
| 679|0x00000000aa700000, 0x00000000aa700000, 0x00000000aa800000|  0%| F|  |TAMS 0x00000000aa700000, 0x00000000aa700000| Untracked 
| 680|0x00000000aa800000, 0x00000000aa800000, 0x00000000aa900000|  0%| F|  |TAMS 0x00000000aa800000, 0x00000000aa800000| Untracked 
| 681|0x00000000aa900000, 0x00000000aa900000, 0x00000000aaa00000|  0%| F|  |TAMS 0x00000000aa900000, 0x00000000aa900000| Untracked 
| 682|0x00000000aaa00000, 0x00000000aaa00000, 0x00000000aab00000|  0%| F|  |TAMS 0x00000000aaa00000, 0x00000000aaa00000| Untracked 
| 683|0x00000000aab00000, 0x00000000aab00000, 0x00000000aac00000|  0%| F|  |TAMS 0x00000000aab00000, 0x00000000aab00000| Untracked 
| 684|0x00000000aac00000, 0x00000000aac00000, 0x00000000aad00000|  0%| F|  |TAMS 0x00000000aac00000, 0x00000000aac00000| Untracked 
| 685|0x00000000aad00000, 0x00000000aad00000, 0x00000000aae00000|  0%| F|  |TAMS 0x00000000aad00000, 0x00000000aad00000| Untracked 
| 686|0x00000000aae00000, 0x00000000aae00000, 0x00000000aaf00000|  0%| F|  |TAMS 0x00000000aae00000, 0x00000000aae00000| Untracked 
| 687|0x00000000aaf00000, 0x00000000aaf00000, 0x00000000ab000000|  0%| F|  |TAMS 0x00000000aaf00000, 0x00000000aaf00000| Untracked 
| 688|0x00000000ab000000, 0x00000000ab000000, 0x00000000ab100000|  0%| F|  |TAMS 0x00000000ab000000, 0x00000000ab000000| Untracked 
| 689|0x00000000ab100000, 0x00000000ab100000, 0x00000000ab200000|  0%| F|  |TAMS 0x00000000ab100000, 0x00000000ab100000| Untracked 
| 690|0x00000000ab200000, 0x00000000ab200000, 0x00000000ab300000|  0%| F|  |TAMS 0x00000000ab200000, 0x00000000ab200000| Untracked 
| 691|0x00000000ab300000, 0x00000000ab300000, 0x00000000ab400000|  0%| F|  |TAMS 0x00000000ab300000, 0x00000000ab300000| Untracked 
| 692|0x00000000ab400000, 0x00000000ab400000, 0x00000000ab500000|  0%| F|  |TAMS 0x00000000ab400000, 0x00000000ab400000| Untracked 
| 693|0x00000000ab500000, 0x00000000ab500000, 0x00000000ab600000|  0%| F|  |TAMS 0x00000000ab500000, 0x00000000ab500000| Untracked 
| 694|0x00000000ab600000, 0x00000000ab600000, 0x00000000ab700000|  0%| F|  |TAMS 0x00000000ab600000, 0x00000000ab600000| Untracked 
| 695|0x00000000ab700000, 0x00000000ab700000, 0x00000000ab800000|  0%| F|  |TAMS 0x00000000ab700000, 0x00000000ab700000| Untracked 
| 696|0x00000000ab800000, 0x00000000ab800000, 0x00000000ab900000|  0%| F|  |TAMS 0x00000000ab800000, 0x00000000ab800000| Untracked 
| 697|0x00000000ab900000, 0x00000000ab900000, 0x00000000aba00000|  0%| F|  |TAMS 0x00000000ab900000, 0x00000000ab900000| Untracked 
| 698|0x00000000aba00000, 0x00000000aba00000, 0x00000000abb00000|  0%| F|  |TAMS 0x00000000aba00000, 0x00000000aba00000| Untracked 
| 699|0x00000000abb00000, 0x00000000abb00000, 0x00000000abc00000|  0%| F|  |TAMS 0x00000000abb00000, 0x00000000abb00000| Untracked 
| 700|0x00000000abc00000, 0x00000000abc00000, 0x00000000abd00000|  0%| F|  |TAMS 0x00000000abc00000, 0x00000000abc00000| Untracked 
| 701|0x00000000abd00000, 0x00000000abd00000, 0x00000000abe00000|  0%| F|  |TAMS 0x00000000abd00000, 0x00000000abd00000| Untracked 
| 702|0x00000000abe00000, 0x00000000abe00000, 0x00000000abf00000|  0%| F|  |TAMS 0x00000000abe00000, 0x00000000abe00000| Untracked 
| 703|0x00000000abf00000, 0x00000000abf00000, 0x00000000ac000000|  0%| F|  |TAMS 0x00000000abf00000, 0x00000000abf00000| Untracked 
| 704|0x00000000ac000000, 0x00000000ac000000, 0x00000000ac100000|  0%| F|  |TAMS 0x00000000ac000000, 0x00000000ac000000| Untracked 
| 705|0x00000000ac100000, 0x00000000ac100000, 0x00000000ac200000|  0%| F|  |TAMS 0x00000000ac100000, 0x00000000ac100000| Untracked 
| 706|0x00000000ac200000, 0x00000000ac200000, 0x00000000ac300000|  0%| F|  |TAMS 0x00000000ac200000, 0x00000000ac200000| Untracked 
| 707|0x00000000ac300000, 0x00000000ac300000, 0x00000000ac400000|  0%| F|  |TAMS 0x00000000ac300000, 0x00000000ac300000| Untracked 
| 708|0x00000000ac400000, 0x00000000ac400000, 0x00000000ac500000|  0%| F|  |TAMS 0x00000000ac400000, 0x00000000ac400000| Untracked 
| 709|0x00000000ac500000, 0x00000000ac500000, 0x00000000ac600000|  0%| F|  |TAMS 0x00000000ac500000, 0x00000000ac500000| Untracked 
| 710|0x00000000ac600000, 0x00000000ac600000, 0x00000000ac700000|  0%| F|  |TAMS 0x00000000ac600000, 0x00000000ac600000| Untracked 
| 711|0x00000000ac700000, 0x00000000ac700000, 0x00000000ac800000|  0%| F|  |TAMS 0x00000000ac700000, 0x00000000ac700000| Untracked 
| 712|0x00000000ac800000, 0x00000000ac800000, 0x00000000ac900000|  0%| F|  |TAMS 0x00000000ac800000, 0x00000000ac800000| Untracked 
| 713|0x00000000ac900000, 0x00000000ac900000, 0x00000000aca00000|  0%| F|  |TAMS 0x00000000ac900000, 0x00000000ac900000| Untracked 
| 714|0x00000000aca00000, 0x00000000aca00000, 0x00000000acb00000|  0%| F|  |TAMS 0x00000000aca00000, 0x00000000aca00000| Untracked 
| 715|0x00000000acb00000, 0x00000000acb00000, 0x00000000acc00000|  0%| F|  |TAMS 0x00000000acb00000, 0x00000000acb00000| Untracked 
| 716|0x00000000acc00000, 0x00000000acc00000, 0x00000000acd00000|  0%| F|  |TAMS 0x00000000acc00000, 0x00000000acc00000| Untracked 
| 717|0x00000000acd00000, 0x00000000acd00000, 0x00000000ace00000|  0%| F|  |TAMS 0x00000000acd00000, 0x00000000acd00000| Untracked 
| 718|0x00000000ace00000, 0x00000000ace00000, 0x00000000acf00000|  0%| F|  |TAMS 0x00000000ace00000, 0x00000000ace00000| Untracked 
| 719|0x00000000acf00000, 0x00000000acf00000, 0x00000000ad000000|  0%| F|  |TAMS 0x00000000acf00000, 0x00000000acf00000| Untracked 
| 720|0x00000000ad000000, 0x00000000ad000000, 0x00000000ad100000|  0%| F|  |TAMS 0x00000000ad000000, 0x00000000ad000000| Untracked 
| 721|0x00000000ad100000, 0x00000000ad100000, 0x00000000ad200000|  0%| F|  |TAMS 0x00000000ad100000, 0x00000000ad100000| Untracked 
| 722|0x00000000ad200000, 0x00000000ad200000, 0x00000000ad300000|  0%| F|  |TAMS 0x00000000ad200000, 0x00000000ad200000| Untracked 
| 723|0x00000000ad300000, 0x00000000ad300000, 0x00000000ad400000|  0%| F|  |TAMS 0x00000000ad300000, 0x00000000ad300000| Untracked 
| 724|0x00000000ad400000, 0x00000000ad400000, 0x00000000ad500000|  0%| F|  |TAMS 0x00000000ad400000, 0x00000000ad400000| Untracked 
| 725|0x00000000ad500000, 0x00000000ad500000, 0x00000000ad600000|  0%| F|  |TAMS 0x00000000ad500000, 0x00000000ad500000| Untracked 
| 726|0x00000000ad600000, 0x00000000ad600000, 0x00000000ad700000|  0%| F|  |TAMS 0x00000000ad600000, 0x00000000ad600000| Untracked 
| 727|0x00000000ad700000, 0x00000000ad700000, 0x00000000ad800000|  0%| F|  |TAMS 0x00000000ad700000, 0x00000000ad700000| Untracked 
| 728|0x00000000ad800000, 0x00000000ad800000, 0x00000000ad900000|  0%| F|  |TAMS 0x00000000ad800000, 0x00000000ad800000| Untracked 
| 729|0x00000000ad900000, 0x00000000ad900000, 0x00000000ada00000|  0%| F|  |TAMS 0x00000000ad900000, 0x00000000ad900000| Untracked 
| 730|0x00000000ada00000, 0x00000000ada00000, 0x00000000adb00000|  0%| F|  |TAMS 0x00000000ada00000, 0x00000000ada00000| Untracked 
| 731|0x00000000adb00000, 0x00000000adb00000, 0x00000000adc00000|  0%| F|  |TAMS 0x00000000adb00000, 0x00000000adb00000| Untracked 
| 732|0x00000000adc00000, 0x00000000adc00000, 0x00000000add00000|  0%| F|  |TAMS 0x00000000adc00000, 0x00000000adc00000| Untracked 
| 733|0x00000000add00000, 0x00000000add00000, 0x00000000ade00000|  0%| F|  |TAMS 0x00000000add00000, 0x00000000add00000| Untracked 
| 734|0x00000000ade00000, 0x00000000ade00000, 0x00000000adf00000|  0%| F|  |TAMS 0x00000000ade00000, 0x00000000ade00000| Untracked 
| 735|0x00000000adf00000, 0x00000000adf00000, 0x00000000ae000000|  0%| F|  |TAMS 0x00000000adf00000, 0x00000000adf00000| Untracked 
| 736|0x00000000ae000000, 0x00000000ae000000, 0x00000000ae100000|  0%| F|  |TAMS 0x00000000ae000000, 0x00000000ae000000| Untracked 
| 737|0x00000000ae100000, 0x00000000ae100000, 0x00000000ae200000|  0%| F|  |TAMS 0x00000000ae100000, 0x00000000ae100000| Untracked 
| 738|0x00000000ae200000, 0x00000000ae200000, 0x00000000ae300000|  0%| F|  |TAMS 0x00000000ae200000, 0x00000000ae200000| Untracked 
| 739|0x00000000ae300000, 0x00000000ae300000, 0x00000000ae400000|  0%| F|  |TAMS 0x00000000ae300000, 0x00000000ae300000| Untracked 
| 740|0x00000000ae400000, 0x00000000ae400000, 0x00000000ae500000|  0%| F|  |TAMS 0x00000000ae400000, 0x00000000ae400000| Untracked 
| 741|0x00000000ae500000, 0x00000000ae500000, 0x00000000ae600000|  0%| F|  |TAMS 0x00000000ae500000, 0x00000000ae500000| Untracked 
| 742|0x00000000ae600000, 0x00000000ae600000, 0x00000000ae700000|  0%| F|  |TAMS 0x00000000ae600000, 0x00000000ae600000| Untracked 
| 743|0x00000000ae700000, 0x00000000ae700000, 0x00000000ae800000|  0%| F|  |TAMS 0x00000000ae700000, 0x00000000ae700000| Untracked 
| 744|0x00000000ae800000, 0x00000000ae800000, 0x00000000ae900000|  0%| F|  |TAMS 0x00000000ae800000, 0x00000000ae800000| Untracked 
| 745|0x00000000ae900000, 0x00000000ae900000, 0x00000000aea00000|  0%| F|  |TAMS 0x00000000ae900000, 0x00000000ae900000| Untracked 
| 746|0x00000000aea00000, 0x00000000aea00000, 0x00000000aeb00000|  0%| F|  |TAMS 0x00000000aea00000, 0x00000000aea00000| Untracked 
| 747|0x00000000aeb00000, 0x00000000aeb00000, 0x00000000aec00000|  0%| F|  |TAMS 0x00000000aeb00000, 0x00000000aeb00000| Untracked 
| 748|0x00000000aec00000, 0x00000000aec00000, 0x00000000aed00000|  0%| F|  |TAMS 0x00000000aec00000, 0x00000000aec00000| Untracked 
| 749|0x00000000aed00000, 0x00000000aed00000, 0x00000000aee00000|  0%| F|  |TAMS 0x00000000aed00000, 0x00000000aed00000| Untracked 
| 750|0x00000000aee00000, 0x00000000aee00000, 0x00000000aef00000|  0%| F|  |TAMS 0x00000000aee00000, 0x00000000aee00000| Untracked 
| 751|0x00000000aef00000, 0x00000000aef00000, 0x00000000af000000|  0%| F|  |TAMS 0x00000000aef00000, 0x00000000aef00000| Untracked 
| 752|0x00000000af000000, 0x00000000af000000, 0x00000000af100000|  0%| F|  |TAMS 0x00000000af000000, 0x00000000af000000| Untracked 
| 753|0x00000000af100000, 0x00000000af100000, 0x00000000af200000|  0%| F|  |TAMS 0x00000000af100000, 0x00000000af100000| Untracked 
| 754|0x00000000af200000, 0x00000000af200000, 0x00000000af300000|  0%| F|  |TAMS 0x00000000af200000, 0x00000000af200000| Untracked 
| 755|0x00000000af300000, 0x00000000af300000, 0x00000000af400000|  0%| F|  |TAMS 0x00000000af300000, 0x00000000af300000| Untracked 
| 756|0x00000000af400000, 0x00000000af400000, 0x00000000af500000|  0%| F|  |TAMS 0x00000000af400000, 0x00000000af400000| Untracked 
| 757|0x00000000af500000, 0x00000000af500000, 0x00000000af600000|  0%| F|  |TAMS 0x00000000af500000, 0x00000000af500000| Untracked 
| 758|0x00000000af600000, 0x00000000af600000, 0x00000000af700000|  0%| F|  |TAMS 0x00000000af600000, 0x00000000af600000| Untracked 
| 759|0x00000000af700000, 0x00000000af700000, 0x00000000af800000|  0%| F|  |TAMS 0x00000000af700000, 0x00000000af700000| Untracked 
| 760|0x00000000af800000, 0x00000000af800000, 0x00000000af900000|  0%| F|  |TAMS 0x00000000af800000, 0x00000000af800000| Untracked 
| 761|0x00000000af900000, 0x00000000af900000, 0x00000000afa00000|  0%| F|  |TAMS 0x00000000af900000, 0x00000000af900000| Untracked 
| 762|0x00000000afa00000, 0x00000000afa00000, 0x00000000afb00000|  0%| F|  |TAMS 0x00000000afa00000, 0x00000000afa00000| Untracked 
| 763|0x00000000afb00000, 0x00000000afb00000, 0x00000000afc00000|  0%| F|  |TAMS 0x00000000afb00000, 0x00000000afb00000| Untracked 
| 764|0x00000000afc00000, 0x00000000afc00000, 0x00000000afd00000|  0%| F|  |TAMS 0x00000000afc00000, 0x00000000afc00000| Untracked 
| 765|0x00000000afd00000, 0x00000000afd00000, 0x00000000afe00000|  0%| F|  |TAMS 0x00000000afd00000, 0x00000000afd00000| Untracked 
| 766|0x00000000afe00000, 0x00000000afe00000, 0x00000000aff00000|  0%| F|  |TAMS 0x00000000afe00000, 0x00000000afe00000| Untracked 
| 767|0x00000000aff00000, 0x00000000aff00000, 0x00000000b0000000|  0%| F|  |TAMS 0x00000000aff00000, 0x00000000aff00000| Untracked 
| 768|0x00000000b0000000, 0x00000000b0000000, 0x00000000b0100000|  0%| F|  |TAMS 0x00000000b0000000, 0x00000000b0000000| Untracked 
| 769|0x00000000b0100000, 0x00000000b0100000, 0x00000000b0200000|  0%| F|  |TAMS 0x00000000b0100000, 0x00000000b0100000| Untracked 
| 770|0x00000000b0200000, 0x00000000b0200000, 0x00000000b0300000|  0%| F|  |TAMS 0x00000000b0200000, 0x00000000b0200000| Untracked 
| 771|0x00000000b0300000, 0x00000000b0300000, 0x00000000b0400000|  0%| F|  |TAMS 0x00000000b0300000, 0x00000000b0300000| Untracked 
| 772|0x00000000b0400000, 0x00000000b0400000, 0x00000000b0500000|  0%| F|  |TAMS 0x00000000b0400000, 0x00000000b0400000| Untracked 
| 773|0x00000000b0500000, 0x00000000b0500000, 0x00000000b0600000|  0%| F|  |TAMS 0x00000000b0500000, 0x00000000b0500000| Untracked 
| 774|0x00000000b0600000, 0x00000000b0600000, 0x00000000b0700000|  0%| F|  |TAMS 0x00000000b0600000, 0x00000000b0600000| Untracked 
| 775|0x00000000b0700000, 0x00000000b0700000, 0x00000000b0800000|  0%| F|  |TAMS 0x00000000b0700000, 0x00000000b0700000| Untracked 
| 776|0x00000000b0800000, 0x00000000b0800000, 0x00000000b0900000|  0%| F|  |TAMS 0x00000000b0800000, 0x00000000b0800000| Untracked 
| 777|0x00000000b0900000, 0x00000000b0900000, 0x00000000b0a00000|  0%| F|  |TAMS 0x00000000b0900000, 0x00000000b0900000| Untracked 
| 778|0x00000000b0a00000, 0x00000000b0a00000, 0x00000000b0b00000|  0%| F|  |TAMS 0x00000000b0a00000, 0x00000000b0a00000| Untracked 
| 779|0x00000000b0b00000, 0x00000000b0b00000, 0x00000000b0c00000|  0%| F|  |TAMS 0x00000000b0b00000, 0x00000000b0b00000| Untracked 
| 780|0x00000000b0c00000, 0x00000000b0c00000, 0x00000000b0d00000|  0%| F|  |TAMS 0x00000000b0c00000, 0x00000000b0c00000| Untracked 
| 781|0x00000000b0d00000, 0x00000000b0d00000, 0x00000000b0e00000|  0%| F|  |TAMS 0x00000000b0d00000, 0x00000000b0d00000| Untracked 
| 782|0x00000000b0e00000, 0x00000000b0e00000, 0x00000000b0f00000|  0%| F|  |TAMS 0x00000000b0e00000, 0x00000000b0e00000| Untracked 
| 783|0x00000000b0f00000, 0x00000000b0f00000, 0x00000000b1000000|  0%| F|  |TAMS 0x00000000b0f00000, 0x00000000b0f00000| Untracked 
| 784|0x00000000b1000000, 0x00000000b1000000, 0x00000000b1100000|  0%| F|  |TAMS 0x00000000b1000000, 0x00000000b1000000| Untracked 
| 785|0x00000000b1100000, 0x00000000b1100000, 0x00000000b1200000|  0%| F|  |TAMS 0x00000000b1100000, 0x00000000b1100000| Untracked 
| 786|0x00000000b1200000, 0x00000000b1200000, 0x00000000b1300000|  0%| F|  |TAMS 0x00000000b1200000, 0x00000000b1200000| Untracked 
| 787|0x00000000b1300000, 0x00000000b1300000, 0x00000000b1400000|  0%| F|  |TAMS 0x00000000b1300000, 0x00000000b1300000| Untracked 
| 788|0x00000000b1400000, 0x00000000b1400000, 0x00000000b1500000|  0%| F|  |TAMS 0x00000000b1400000, 0x00000000b1400000| Untracked 
| 789|0x00000000b1500000, 0x00000000b1500000, 0x00000000b1600000|  0%| F|  |TAMS 0x00000000b1500000, 0x00000000b1500000| Untracked 
| 790|0x00000000b1600000, 0x00000000b1600000, 0x00000000b1700000|  0%| F|  |TAMS 0x00000000b1600000, 0x00000000b1600000| Untracked 
| 791|0x00000000b1700000, 0x00000000b1700000, 0x00000000b1800000|  0%| F|  |TAMS 0x00000000b1700000, 0x00000000b1700000| Untracked 
| 792|0x00000000b1800000, 0x00000000b1800000, 0x00000000b1900000|  0%| F|  |TAMS 0x00000000b1800000, 0x00000000b1800000| Untracked 
| 793|0x00000000b1900000, 0x00000000b1900000, 0x00000000b1a00000|  0%| F|  |TAMS 0x00000000b1900000, 0x00000000b1900000| Untracked 
| 794|0x00000000b1a00000, 0x00000000b1a00000, 0x00000000b1b00000|  0%| F|  |TAMS 0x00000000b1a00000, 0x00000000b1a00000| Untracked 
| 795|0x00000000b1b00000, 0x00000000b1b00000, 0x00000000b1c00000|  0%| F|  |TAMS 0x00000000b1b00000, 0x00000000b1b00000| Untracked 
| 796|0x00000000b1c00000, 0x00000000b1c00000, 0x00000000b1d00000|  0%| F|  |TAMS 0x00000000b1c00000, 0x00000000b1c00000| Untracked 
| 797|0x00000000b1d00000, 0x00000000b1d00000, 0x00000000b1e00000|  0%| F|  |TAMS 0x00000000b1d00000, 0x00000000b1d00000| Untracked 
| 798|0x00000000b1e00000, 0x00000000b1e00000, 0x00000000b1f00000|  0%| F|  |TAMS 0x00000000b1e00000, 0x00000000b1e00000| Untracked 
| 799|0x00000000b1f00000, 0x00000000b1f00000, 0x00000000b2000000|  0%| F|  |TAMS 0x00000000b1f00000, 0x00000000b1f00000| Untracked 
| 800|0x00000000b2000000, 0x00000000b2000000, 0x00000000b2100000|  0%| F|  |TAMS 0x00000000b2000000, 0x00000000b2000000| Untracked 
| 801|0x00000000b2100000, 0x00000000b2100000, 0x00000000b2200000|  0%| F|  |TAMS 0x00000000b2100000, 0x00000000b2100000| Untracked 
| 802|0x00000000b2200000, 0x00000000b2200000, 0x00000000b2300000|  0%| F|  |TAMS 0x00000000b2200000, 0x00000000b2200000| Untracked 
| 803|0x00000000b2300000, 0x00000000b2300000, 0x00000000b2400000|  0%| F|  |TAMS 0x00000000b2300000, 0x00000000b2300000| Untracked 
| 804|0x00000000b2400000, 0x00000000b2400000, 0x00000000b2500000|  0%| F|  |TAMS 0x00000000b2400000, 0x00000000b2400000| Untracked 
| 805|0x00000000b2500000, 0x00000000b2500000, 0x00000000b2600000|  0%| F|  |TAMS 0x00000000b2500000, 0x00000000b2500000| Untracked 
| 806|0x00000000b2600000, 0x00000000b2600000, 0x00000000b2700000|  0%| F|  |TAMS 0x00000000b2600000, 0x00000000b2600000| Untracked 
| 807|0x00000000b2700000, 0x00000000b2700000, 0x00000000b2800000|  0%| F|  |TAMS 0x00000000b2700000, 0x00000000b2700000| Untracked 
| 808|0x00000000b2800000, 0x00000000b2800000, 0x00000000b2900000|  0%| F|  |TAMS 0x00000000b2800000, 0x00000000b2800000| Untracked 
| 809|0x00000000b2900000, 0x00000000b2900000, 0x00000000b2a00000|  0%| F|  |TAMS 0x00000000b2900000, 0x00000000b2900000| Untracked 
| 810|0x00000000b2a00000, 0x00000000b2a00000, 0x00000000b2b00000|  0%| F|  |TAMS 0x00000000b2a00000, 0x00000000b2a00000| Untracked 
| 811|0x00000000b2b00000, 0x00000000b2b00000, 0x00000000b2c00000|  0%| F|  |TAMS 0x00000000b2b00000, 0x00000000b2b00000| Untracked 
| 812|0x00000000b2c00000, 0x00000000b2c00000, 0x00000000b2d00000|  0%| F|  |TAMS 0x00000000b2c00000, 0x00000000b2c00000| Untracked 
| 813|0x00000000b2d00000, 0x00000000b2d00000, 0x00000000b2e00000|  0%| F|  |TAMS 0x00000000b2d00000, 0x00000000b2d00000| Untracked 
| 814|0x00000000b2e00000, 0x00000000b2e00000, 0x00000000b2f00000|  0%| F|  |TAMS 0x00000000b2e00000, 0x00000000b2e00000| Untracked 
| 815|0x00000000b2f00000, 0x00000000b2f00000, 0x00000000b3000000|  0%| F|  |TAMS 0x00000000b2f00000, 0x00000000b2f00000| Untracked 
| 816|0x00000000b3000000, 0x00000000b3000000, 0x00000000b3100000|  0%| F|  |TAMS 0x00000000b3000000, 0x00000000b3000000| Untracked 
| 817|0x00000000b3100000, 0x00000000b3100000, 0x00000000b3200000|  0%| F|  |TAMS 0x00000000b3100000, 0x00000000b3100000| Untracked 
| 818|0x00000000b3200000, 0x00000000b3200000, 0x00000000b3300000|  0%| F|  |TAMS 0x00000000b3200000, 0x00000000b3200000| Untracked 
| 819|0x00000000b3300000, 0x00000000b3300000, 0x00000000b3400000|  0%| F|  |TAMS 0x00000000b3300000, 0x00000000b3300000| Untracked 
| 820|0x00000000b3400000, 0x00000000b3400000, 0x00000000b3500000|  0%| F|  |TAMS 0x00000000b3400000, 0x00000000b3400000| Untracked 
| 821|0x00000000b3500000, 0x00000000b3500000, 0x00000000b3600000|  0%| F|  |TAMS 0x00000000b3500000, 0x00000000b3500000| Untracked 
| 822|0x00000000b3600000, 0x00000000b3600000, 0x00000000b3700000|  0%| F|  |TAMS 0x00000000b3600000, 0x00000000b3600000| Untracked 
| 823|0x00000000b3700000, 0x00000000b3700000, 0x00000000b3800000|  0%| F|  |TAMS 0x00000000b3700000, 0x00000000b3700000| Untracked 
| 824|0x00000000b3800000, 0x00000000b3800000, 0x00000000b3900000|  0%| F|  |TAMS 0x00000000b3800000, 0x00000000b3800000| Untracked 
| 825|0x00000000b3900000, 0x00000000b3900000, 0x00000000b3a00000|  0%| F|  |TAMS 0x00000000b3900000, 0x00000000b3900000| Untracked 
| 826|0x00000000b3a00000, 0x00000000b3a00000, 0x00000000b3b00000|  0%| F|  |TAMS 0x00000000b3a00000, 0x00000000b3a00000| Untracked 
| 827|0x00000000b3b00000, 0x00000000b3b00000, 0x00000000b3c00000|  0%| F|  |TAMS 0x00000000b3b00000, 0x00000000b3b00000| Untracked 
| 828|0x00000000b3c00000, 0x00000000b3c00000, 0x00000000b3d00000|  0%| F|  |TAMS 0x00000000b3c00000, 0x00000000b3c00000| Untracked 
| 829|0x00000000b3d00000, 0x00000000b3d00000, 0x00000000b3e00000|  0%| F|  |TAMS 0x00000000b3d00000, 0x00000000b3d00000| Untracked 
| 830|0x00000000b3e00000, 0x00000000b3e00000, 0x00000000b3f00000|  0%| F|  |TAMS 0x00000000b3e00000, 0x00000000b3e00000| Untracked 
| 831|0x00000000b3f00000, 0x00000000b3f00000, 0x00000000b4000000|  0%| F|  |TAMS 0x00000000b3f00000, 0x00000000b3f00000| Untracked 
| 832|0x00000000b4000000, 0x00000000b4000000, 0x00000000b4100000|  0%| F|  |TAMS 0x00000000b4000000, 0x00000000b4000000| Untracked 
| 833|0x00000000b4100000, 0x00000000b4100000, 0x00000000b4200000|  0%| F|  |TAMS 0x00000000b4100000, 0x00000000b4100000| Untracked 
| 834|0x00000000b4200000, 0x00000000b4200000, 0x00000000b4300000|  0%| F|  |TAMS 0x00000000b4200000, 0x00000000b4200000| Untracked 
| 835|0x00000000b4300000, 0x00000000b4300000, 0x00000000b4400000|  0%| F|  |TAMS 0x00000000b4300000, 0x00000000b4300000| Untracked 
| 836|0x00000000b4400000, 0x00000000b4400000, 0x00000000b4500000|  0%| F|  |TAMS 0x00000000b4400000, 0x00000000b4400000| Untracked 
| 837|0x00000000b4500000, 0x00000000b4500000, 0x00000000b4600000|  0%| F|  |TAMS 0x00000000b4500000, 0x00000000b4500000| Untracked 
| 838|0x00000000b4600000, 0x00000000b4600000, 0x00000000b4700000|  0%| F|  |TAMS 0x00000000b4600000, 0x00000000b4600000| Untracked 
| 839|0x00000000b4700000, 0x00000000b4700000, 0x00000000b4800000|  0%| F|  |TAMS 0x00000000b4700000, 0x00000000b4700000| Untracked 
| 840|0x00000000b4800000, 0x00000000b4800000, 0x00000000b4900000|  0%| F|  |TAMS 0x00000000b4800000, 0x00000000b4800000| Untracked 
| 841|0x00000000b4900000, 0x00000000b4900000, 0x00000000b4a00000|  0%| F|  |TAMS 0x00000000b4900000, 0x00000000b4900000| Untracked 
| 842|0x00000000b4a00000, 0x00000000b4a00000, 0x00000000b4b00000|  0%| F|  |TAMS 0x00000000b4a00000, 0x00000000b4a00000| Untracked 
| 843|0x00000000b4b00000, 0x00000000b4b00000, 0x00000000b4c00000|  0%| F|  |TAMS 0x00000000b4b00000, 0x00000000b4b00000| Untracked 
| 844|0x00000000b4c00000, 0x00000000b4c00000, 0x00000000b4d00000|  0%| F|  |TAMS 0x00000000b4c00000, 0x00000000b4c00000| Untracked 
| 845|0x00000000b4d00000, 0x00000000b4d00000, 0x00000000b4e00000|  0%| F|  |TAMS 0x00000000b4d00000, 0x00000000b4d00000| Untracked 
| 846|0x00000000b4e00000, 0x00000000b4e00000, 0x00000000b4f00000|  0%| F|  |TAMS 0x00000000b4e00000, 0x00000000b4e00000| Untracked 
| 847|0x00000000b4f00000, 0x00000000b4f00000, 0x00000000b5000000|  0%| F|  |TAMS 0x00000000b4f00000, 0x00000000b4f00000| Untracked 
| 848|0x00000000b5000000, 0x00000000b5000000, 0x00000000b5100000|  0%| F|  |TAMS 0x00000000b5000000, 0x00000000b5000000| Untracked 
| 849|0x00000000b5100000, 0x00000000b5100000, 0x00000000b5200000|  0%| F|  |TAMS 0x00000000b5100000, 0x00000000b5100000| Untracked 
| 850|0x00000000b5200000, 0x00000000b5200000, 0x00000000b5300000|  0%| F|  |TAMS 0x00000000b5200000, 0x00000000b5200000| Untracked 
| 851|0x00000000b5300000, 0x00000000b5300000, 0x00000000b5400000|  0%| F|  |TAMS 0x00000000b5300000, 0x00000000b5300000| Untracked 
| 852|0x00000000b5400000, 0x00000000b5400000, 0x00000000b5500000|  0%| F|  |TAMS 0x00000000b5400000, 0x00000000b5400000| Untracked 
| 853|0x00000000b5500000, 0x00000000b5500000, 0x00000000b5600000|  0%| F|  |TAMS 0x00000000b5500000, 0x00000000b5500000| Untracked 
| 854|0x00000000b5600000, 0x00000000b5600000, 0x00000000b5700000|  0%| F|  |TAMS 0x00000000b5600000, 0x00000000b5600000| Untracked 
| 855|0x00000000b5700000, 0x00000000b5700000, 0x00000000b5800000|  0%| F|  |TAMS 0x00000000b5700000, 0x00000000b5700000| Untracked 
| 856|0x00000000b5800000, 0x00000000b5800000, 0x00000000b5900000|  0%| F|  |TAMS 0x00000000b5800000, 0x00000000b5800000| Untracked 
| 857|0x00000000b5900000, 0x00000000b5900000, 0x00000000b5a00000|  0%| F|  |TAMS 0x00000000b5900000, 0x00000000b5900000| Untracked 
| 858|0x00000000b5a00000, 0x00000000b5a00000, 0x00000000b5b00000|  0%| F|  |TAMS 0x00000000b5a00000, 0x00000000b5a00000| Untracked 
| 859|0x00000000b5b00000, 0x00000000b5b00000, 0x00000000b5c00000|  0%| F|  |TAMS 0x00000000b5b00000, 0x00000000b5b00000| Untracked 
| 860|0x00000000b5c00000, 0x00000000b5c00000, 0x00000000b5d00000|  0%| F|  |TAMS 0x00000000b5c00000, 0x00000000b5c00000| Untracked 
| 861|0x00000000b5d00000, 0x00000000b5d00000, 0x00000000b5e00000|  0%| F|  |TAMS 0x00000000b5d00000, 0x00000000b5d00000| Untracked 
| 862|0x00000000b5e00000, 0x00000000b5e00000, 0x00000000b5f00000|  0%| F|  |TAMS 0x00000000b5e00000, 0x00000000b5e00000| Untracked 
| 863|0x00000000b5f00000, 0x00000000b5f00000, 0x00000000b6000000|  0%| F|  |TAMS 0x00000000b5f00000, 0x00000000b5f00000| Untracked 
| 864|0x00000000b6000000, 0x00000000b6000000, 0x00000000b6100000|  0%| F|  |TAMS 0x00000000b6000000, 0x00000000b6000000| Untracked 
| 865|0x00000000b6100000, 0x00000000b6100000, 0x00000000b6200000|  0%| F|  |TAMS 0x00000000b6100000, 0x00000000b6100000| Untracked 
| 866|0x00000000b6200000, 0x00000000b6200000, 0x00000000b6300000|  0%| F|  |TAMS 0x00000000b6200000, 0x00000000b6200000| Untracked 
| 867|0x00000000b6300000, 0x00000000b6300000, 0x00000000b6400000|  0%| F|  |TAMS 0x00000000b6300000, 0x00000000b6300000| Untracked 
| 868|0x00000000b6400000, 0x00000000b6400000, 0x00000000b6500000|  0%| F|  |TAMS 0x00000000b6400000, 0x00000000b6400000| Untracked 
| 869|0x00000000b6500000, 0x00000000b6500000, 0x00000000b6600000|  0%| F|  |TAMS 0x00000000b6500000, 0x00000000b6500000| Untracked 
| 870|0x00000000b6600000, 0x00000000b6600000, 0x00000000b6700000|  0%| F|  |TAMS 0x00000000b6600000, 0x00000000b6600000| Untracked 
| 871|0x00000000b6700000, 0x00000000b6700000, 0x00000000b6800000|  0%| F|  |TAMS 0x00000000b6700000, 0x00000000b6700000| Untracked 
| 872|0x00000000b6800000, 0x00000000b6800000, 0x00000000b6900000|  0%| F|  |TAMS 0x00000000b6800000, 0x00000000b6800000| Untracked 
| 873|0x00000000b6900000, 0x00000000b6900000, 0x00000000b6a00000|  0%| F|  |TAMS 0x00000000b6900000, 0x00000000b6900000| Untracked 
| 874|0x00000000b6a00000, 0x00000000b6a00000, 0x00000000b6b00000|  0%| F|  |TAMS 0x00000000b6a00000, 0x00000000b6a00000| Untracked 
| 875|0x00000000b6b00000, 0x00000000b6b00000, 0x00000000b6c00000|  0%| F|  |TAMS 0x00000000b6b00000, 0x00000000b6b00000| Untracked 
| 876|0x00000000b6c00000, 0x00000000b6c00000, 0x00000000b6d00000|  0%| F|  |TAMS 0x00000000b6c00000, 0x00000000b6c00000| Untracked 
| 877|0x00000000b6d00000, 0x00000000b6d00000, 0x00000000b6e00000|  0%| F|  |TAMS 0x00000000b6d00000, 0x00000000b6d00000| Untracked 
| 878|0x00000000b6e00000, 0x00000000b6e00000, 0x00000000b6f00000|  0%| F|  |TAMS 0x00000000b6e00000, 0x00000000b6e00000| Untracked 
| 879|0x00000000b6f00000, 0x00000000b6f00000, 0x00000000b7000000|  0%| F|  |TAMS 0x00000000b6f00000, 0x00000000b6f00000| Untracked 
| 880|0x00000000b7000000, 0x00000000b7000000, 0x00000000b7100000|  0%| F|  |TAMS 0x00000000b7000000, 0x00000000b7000000| Untracked 
| 881|0x00000000b7100000, 0x00000000b7100000, 0x00000000b7200000|  0%| F|  |TAMS 0x00000000b7100000, 0x00000000b7100000| Untracked 
| 882|0x00000000b7200000, 0x00000000b7200000, 0x00000000b7300000|  0%| F|  |TAMS 0x00000000b7200000, 0x00000000b7200000| Untracked 
| 883|0x00000000b7300000, 0x00000000b7300000, 0x00000000b7400000|  0%| F|  |TAMS 0x00000000b7300000, 0x00000000b7300000| Untracked 
| 884|0x00000000b7400000, 0x00000000b7400000, 0x00000000b7500000|  0%| F|  |TAMS 0x00000000b7400000, 0x00000000b7400000| Untracked 
| 885|0x00000000b7500000, 0x00000000b7500000, 0x00000000b7600000|  0%| F|  |TAMS 0x00000000b7500000, 0x00000000b7500000| Untracked 
| 886|0x00000000b7600000, 0x00000000b7600000, 0x00000000b7700000|  0%| F|  |TAMS 0x00000000b7600000, 0x00000000b7600000| Untracked 
| 887|0x00000000b7700000, 0x00000000b7700000, 0x00000000b7800000|  0%| F|  |TAMS 0x00000000b7700000, 0x00000000b7700000| Untracked 
| 888|0x00000000b7800000, 0x00000000b7800000, 0x00000000b7900000|  0%| F|  |TAMS 0x00000000b7800000, 0x00000000b7800000| Untracked 
| 889|0x00000000b7900000, 0x00000000b7900000, 0x00000000b7a00000|  0%| F|  |TAMS 0x00000000b7900000, 0x00000000b7900000| Untracked 
| 890|0x00000000b7a00000, 0x00000000b7a00000, 0x00000000b7b00000|  0%| F|  |TAMS 0x00000000b7a00000, 0x00000000b7a00000| Untracked 
| 891|0x00000000b7b00000, 0x00000000b7b00000, 0x00000000b7c00000|  0%| F|  |TAMS 0x00000000b7b00000, 0x00000000b7b00000| Untracked 
| 892|0x00000000b7c00000, 0x00000000b7c00000, 0x00000000b7d00000|  0%| F|  |TAMS 0x00000000b7c00000, 0x00000000b7c00000| Untracked 
| 893|0x00000000b7d00000, 0x00000000b7d00000, 0x00000000b7e00000|  0%| F|  |TAMS 0x00000000b7d00000, 0x00000000b7d00000| Untracked 
| 894|0x00000000b7e00000, 0x00000000b7e00000, 0x00000000b7f00000|  0%| F|  |TAMS 0x00000000b7e00000, 0x00000000b7e00000| Untracked 
| 895|0x00000000b7f00000, 0x00000000b7f00000, 0x00000000b8000000|  0%| F|  |TAMS 0x00000000b7f00000, 0x00000000b7f00000| Untracked 
| 896|0x00000000b8000000, 0x00000000b8000000, 0x00000000b8100000|  0%| F|  |TAMS 0x00000000b8000000, 0x00000000b8000000| Untracked 
| 897|0x00000000b8100000, 0x00000000b8100000, 0x00000000b8200000|  0%| F|  |TAMS 0x00000000b8100000, 0x00000000b8100000| Untracked 
| 898|0x00000000b8200000, 0x00000000b8200000, 0x00000000b8300000|  0%| F|  |TAMS 0x00000000b8200000, 0x00000000b8200000| Untracked 
| 899|0x00000000b8300000, 0x00000000b8300000, 0x00000000b8400000|  0%| F|  |TAMS 0x00000000b8300000, 0x00000000b8300000| Untracked 
| 900|0x00000000b8400000, 0x00000000b8400000, 0x00000000b8500000|  0%| F|  |TAMS 0x00000000b8400000, 0x00000000b8400000| Untracked 
| 901|0x00000000b8500000, 0x00000000b8500000, 0x00000000b8600000|  0%| F|  |TAMS 0x00000000b8500000, 0x00000000b8500000| Untracked 
| 902|0x00000000b8600000, 0x00000000b8600000, 0x00000000b8700000|  0%| F|  |TAMS 0x00000000b8600000, 0x00000000b8600000| Untracked 
| 903|0x00000000b8700000, 0x00000000b8700000, 0x00000000b8800000|  0%| F|  |TAMS 0x00000000b8700000, 0x00000000b8700000| Untracked 
| 904|0x00000000b8800000, 0x00000000b8800000, 0x00000000b8900000|  0%| F|  |TAMS 0x00000000b8800000, 0x00000000b8800000| Untracked 
| 905|0x00000000b8900000, 0x00000000b8900000, 0x00000000b8a00000|  0%| F|  |TAMS 0x00000000b8900000, 0x00000000b8900000| Untracked 
| 906|0x00000000b8a00000, 0x00000000b8a00000, 0x00000000b8b00000|  0%| F|  |TAMS 0x00000000b8a00000, 0x00000000b8a00000| Untracked 
| 907|0x00000000b8b00000, 0x00000000b8b00000, 0x00000000b8c00000|  0%| F|  |TAMS 0x00000000b8b00000, 0x00000000b8b00000| Untracked 
| 908|0x00000000b8c00000, 0x00000000b8c00000, 0x00000000b8d00000|  0%| F|  |TAMS 0x00000000b8c00000, 0x00000000b8c00000| Untracked 
| 909|0x00000000b8d00000, 0x00000000b8d00000, 0x00000000b8e00000|  0%| F|  |TAMS 0x00000000b8d00000, 0x00000000b8d00000| Untracked 
| 910|0x00000000b8e00000, 0x00000000b8e00000, 0x00000000b8f00000|  0%| F|  |TAMS 0x00000000b8e00000, 0x00000000b8e00000| Untracked 
| 911|0x00000000b8f00000, 0x00000000b8f00000, 0x00000000b9000000|  0%| F|  |TAMS 0x00000000b8f00000, 0x00000000b8f00000| Untracked 
| 912|0x00000000b9000000, 0x00000000b9000000, 0x00000000b9100000|  0%| F|  |TAMS 0x00000000b9000000, 0x00000000b9000000| Untracked 
| 913|0x00000000b9100000, 0x00000000b9100000, 0x00000000b9200000|  0%| F|  |TAMS 0x00000000b9100000, 0x00000000b9100000| Untracked 
| 914|0x00000000b9200000, 0x00000000b9200000, 0x00000000b9300000|  0%| F|  |TAMS 0x00000000b9200000, 0x00000000b9200000| Untracked 
| 915|0x00000000b9300000, 0x00000000b9300000, 0x00000000b9400000|  0%| F|  |TAMS 0x00000000b9300000, 0x00000000b9300000| Untracked 
| 916|0x00000000b9400000, 0x00000000b9400000, 0x00000000b9500000|  0%| F|  |TAMS 0x00000000b9400000, 0x00000000b9400000| Untracked 
| 917|0x00000000b9500000, 0x00000000b9500000, 0x00000000b9600000|  0%| F|  |TAMS 0x00000000b9500000, 0x00000000b9500000| Untracked 
| 918|0x00000000b9600000, 0x00000000b9600000, 0x00000000b9700000|  0%| F|  |TAMS 0x00000000b9600000, 0x00000000b9600000| Untracked 
| 919|0x00000000b9700000, 0x00000000b9700000, 0x00000000b9800000|  0%| F|  |TAMS 0x00000000b9700000, 0x00000000b9700000| Untracked 
| 920|0x00000000b9800000, 0x00000000b9800000, 0x00000000b9900000|  0%| F|  |TAMS 0x00000000b9800000, 0x00000000b9800000| Untracked 
| 921|0x00000000b9900000, 0x00000000b9900000, 0x00000000b9a00000|  0%| F|  |TAMS 0x00000000b9900000, 0x00000000b9900000| Untracked 
| 922|0x00000000b9a00000, 0x00000000b9a00000, 0x00000000b9b00000|  0%| F|  |TAMS 0x00000000b9a00000, 0x00000000b9a00000| Untracked 
| 923|0x00000000b9b00000, 0x00000000b9b00000, 0x00000000b9c00000|  0%| F|  |TAMS 0x00000000b9b00000, 0x00000000b9b00000| Untracked 
| 924|0x00000000b9c00000, 0x00000000b9c00000, 0x00000000b9d00000|  0%| F|  |TAMS 0x00000000b9c00000, 0x00000000b9c00000| Untracked 
| 925|0x00000000b9d00000, 0x00000000b9d00000, 0x00000000b9e00000|  0%| F|  |TAMS 0x00000000b9d00000, 0x00000000b9d00000| Untracked 
| 926|0x00000000b9e00000, 0x00000000b9e00000, 0x00000000b9f00000|  0%| F|  |TAMS 0x00000000b9e00000, 0x00000000b9e00000| Untracked 
| 927|0x00000000b9f00000, 0x00000000b9f00000, 0x00000000ba000000|  0%| F|  |TAMS 0x00000000b9f00000, 0x00000000b9f00000| Untracked 
| 928|0x00000000ba000000, 0x00000000ba000000, 0x00000000ba100000|  0%| F|  |TAMS 0x00000000ba000000, 0x00000000ba000000| Untracked 
| 929|0x00000000ba100000, 0x00000000ba100000, 0x00000000ba200000|  0%| F|  |TAMS 0x00000000ba100000, 0x00000000ba100000| Untracked 
| 930|0x00000000ba200000, 0x00000000ba200000, 0x00000000ba300000|  0%| F|  |TAMS 0x00000000ba200000, 0x00000000ba200000| Untracked 
| 931|0x00000000ba300000, 0x00000000ba300000, 0x00000000ba400000|  0%| F|  |TAMS 0x00000000ba300000, 0x00000000ba300000| Untracked 
| 932|0x00000000ba400000, 0x00000000ba400000, 0x00000000ba500000|  0%| F|  |TAMS 0x00000000ba400000, 0x00000000ba400000| Untracked 
| 933|0x00000000ba500000, 0x00000000ba500000, 0x00000000ba600000|  0%| F|  |TAMS 0x00000000ba500000, 0x00000000ba500000| Untracked 
| 934|0x00000000ba600000, 0x00000000ba600000, 0x00000000ba700000|  0%| F|  |TAMS 0x00000000ba600000, 0x00000000ba600000| Untracked 
| 935|0x00000000ba700000, 0x00000000ba700000, 0x00000000ba800000|  0%| F|  |TAMS 0x00000000ba700000, 0x00000000ba700000| Untracked 
| 936|0x00000000ba800000, 0x00000000ba800000, 0x00000000ba900000|  0%| F|  |TAMS 0x00000000ba800000, 0x00000000ba800000| Untracked 
| 937|0x00000000ba900000, 0x00000000ba900000, 0x00000000baa00000|  0%| F|  |TAMS 0x00000000ba900000, 0x00000000ba900000| Untracked 
| 938|0x00000000baa00000, 0x00000000baa00000, 0x00000000bab00000|  0%| F|  |TAMS 0x00000000baa00000, 0x00000000baa00000| Untracked 
| 939|0x00000000bab00000, 0x00000000bab00000, 0x00000000bac00000|  0%| F|  |TAMS 0x00000000bab00000, 0x00000000bab00000| Untracked 
| 940|0x00000000bac00000, 0x00000000bac00000, 0x00000000bad00000|  0%| F|  |TAMS 0x00000000bac00000, 0x00000000bac00000| Untracked 
| 941|0x00000000bad00000, 0x00000000bad00000, 0x00000000bae00000|  0%| F|  |TAMS 0x00000000bad00000, 0x00000000bad00000| Untracked 
| 942|0x00000000bae00000, 0x00000000bae00000, 0x00000000baf00000|  0%| F|  |TAMS 0x00000000bae00000, 0x00000000bae00000| Untracked 
| 943|0x00000000baf00000, 0x00000000baf00000, 0x00000000bb000000|  0%| F|  |TAMS 0x00000000baf00000, 0x00000000baf00000| Untracked 
| 944|0x00000000bb000000, 0x00000000bb000000, 0x00000000bb100000|  0%| F|  |TAMS 0x00000000bb000000, 0x00000000bb000000| Untracked 
| 945|0x00000000bb100000, 0x00000000bb100000, 0x00000000bb200000|  0%| F|  |TAMS 0x00000000bb100000, 0x00000000bb100000| Untracked 
| 946|0x00000000bb200000, 0x00000000bb200000, 0x00000000bb300000|  0%| F|  |TAMS 0x00000000bb200000, 0x00000000bb200000| Untracked 
| 947|0x00000000bb300000, 0x00000000bb300000, 0x00000000bb400000|  0%| F|  |TAMS 0x00000000bb300000, 0x00000000bb300000| Untracked 
| 948|0x00000000bb400000, 0x00000000bb400000, 0x00000000bb500000|  0%| F|  |TAMS 0x00000000bb400000, 0x00000000bb400000| Untracked 
| 949|0x00000000bb500000, 0x00000000bb500000, 0x00000000bb600000|  0%| F|  |TAMS 0x00000000bb500000, 0x00000000bb500000| Untracked 
| 950|0x00000000bb600000, 0x00000000bb600000, 0x00000000bb700000|  0%| F|  |TAMS 0x00000000bb600000, 0x00000000bb600000| Untracked 
| 951|0x00000000bb700000, 0x00000000bb700000, 0x00000000bb800000|  0%| F|  |TAMS 0x00000000bb700000, 0x00000000bb700000| Untracked 
| 952|0x00000000bb800000, 0x00000000bb800000, 0x00000000bb900000|  0%| F|  |TAMS 0x00000000bb800000, 0x00000000bb800000| Untracked 
| 953|0x00000000bb900000, 0x00000000bb900000, 0x00000000bba00000|  0%| F|  |TAMS 0x00000000bb900000, 0x00000000bb900000| Untracked 
| 954|0x00000000bba00000, 0x00000000bba00000, 0x00000000bbb00000|  0%| F|  |TAMS 0x00000000bba00000, 0x00000000bba00000| Untracked 
| 955|0x00000000bbb00000, 0x00000000bbb00000, 0x00000000bbc00000|  0%| F|  |TAMS 0x00000000bbb00000, 0x00000000bbb00000| Untracked 
| 956|0x00000000bbc00000, 0x00000000bbc00000, 0x00000000bbd00000|  0%| F|  |TAMS 0x00000000bbc00000, 0x00000000bbc00000| Untracked 
| 957|0x00000000bbd00000, 0x00000000bbd00000, 0x00000000bbe00000|  0%| F|  |TAMS 0x00000000bbd00000, 0x00000000bbd00000| Untracked 
| 958|0x00000000bbe00000, 0x00000000bbe00000, 0x00000000bbf00000|  0%| F|  |TAMS 0x00000000bbe00000, 0x00000000bbe00000| Untracked 
| 959|0x00000000bbf00000, 0x00000000bbf00000, 0x00000000bc000000|  0%| F|  |TAMS 0x00000000bbf00000, 0x00000000bbf00000| Untracked 
| 960|0x00000000bc000000, 0x00000000bc000000, 0x00000000bc100000|  0%| F|  |TAMS 0x00000000bc000000, 0x00000000bc000000| Untracked 
| 961|0x00000000bc100000, 0x00000000bc100000, 0x00000000bc200000|  0%| F|  |TAMS 0x00000000bc100000, 0x00000000bc100000| Untracked 
| 962|0x00000000bc200000, 0x00000000bc200000, 0x00000000bc300000|  0%| F|  |TAMS 0x00000000bc200000, 0x00000000bc200000| Untracked 
| 963|0x00000000bc300000, 0x00000000bc300000, 0x00000000bc400000|  0%| F|  |TAMS 0x00000000bc300000, 0x00000000bc300000| Untracked 
| 964|0x00000000bc400000, 0x00000000bc400000, 0x00000000bc500000|  0%| F|  |TAMS 0x00000000bc400000, 0x00000000bc400000| Untracked 
| 965|0x00000000bc500000, 0x00000000bc500000, 0x00000000bc600000|  0%| F|  |TAMS 0x00000000bc500000, 0x00000000bc500000| Untracked 
| 966|0x00000000bc600000, 0x00000000bc600000, 0x00000000bc700000|  0%| F|  |TAMS 0x00000000bc600000, 0x00000000bc600000| Untracked 
| 967|0x00000000bc700000, 0x00000000bc700000, 0x00000000bc800000|  0%| F|  |TAMS 0x00000000bc700000, 0x00000000bc700000| Untracked 
| 968|0x00000000bc800000, 0x00000000bc800000, 0x00000000bc900000|  0%| F|  |TAMS 0x00000000bc800000, 0x00000000bc800000| Untracked 
| 969|0x00000000bc900000, 0x00000000bc900000, 0x00000000bca00000|  0%| F|  |TAMS 0x00000000bc900000, 0x00000000bc900000| Untracked 
| 970|0x00000000bca00000, 0x00000000bca00000, 0x00000000bcb00000|  0%| F|  |TAMS 0x00000000bca00000, 0x00000000bca00000| Untracked 
| 971|0x00000000bcb00000, 0x00000000bcb00000, 0x00000000bcc00000|  0%| F|  |TAMS 0x00000000bcb00000, 0x00000000bcb00000| Untracked 
| 972|0x00000000bcc00000, 0x00000000bcc00000, 0x00000000bcd00000|  0%| F|  |TAMS 0x00000000bcc00000, 0x00000000bcc00000| Untracked 
| 973|0x00000000bcd00000, 0x00000000bcd00000, 0x00000000bce00000|  0%| F|  |TAMS 0x00000000bcd00000, 0x00000000bcd00000| Untracked 
| 974|0x00000000bce00000, 0x00000000bce00000, 0x00000000bcf00000|  0%| F|  |TAMS 0x00000000bce00000, 0x00000000bce00000| Untracked 
| 975|0x00000000bcf00000, 0x00000000bcf00000, 0x00000000bd000000|  0%| F|  |TAMS 0x00000000bcf00000, 0x00000000bcf00000| Untracked 
| 976|0x00000000bd000000, 0x00000000bd000000, 0x00000000bd100000|  0%| F|  |TAMS 0x00000000bd000000, 0x00000000bd000000| Untracked 
| 977|0x00000000bd100000, 0x00000000bd100000, 0x00000000bd200000|  0%| F|  |TAMS 0x00000000bd100000, 0x00000000bd100000| Untracked 
| 978|0x00000000bd200000, 0x00000000bd200000, 0x00000000bd300000|  0%| F|  |TAMS 0x00000000bd200000, 0x00000000bd200000| Untracked 
| 979|0x00000000bd300000, 0x00000000bd300000, 0x00000000bd400000|  0%| F|  |TAMS 0x00000000bd300000, 0x00000000bd300000| Untracked 
| 980|0x00000000bd400000, 0x00000000bd400000, 0x00000000bd500000|  0%| F|  |TAMS 0x00000000bd400000, 0x00000000bd400000| Untracked 
| 981|0x00000000bd500000, 0x00000000bd500000, 0x00000000bd600000|  0%| F|  |TAMS 0x00000000bd500000, 0x00000000bd500000| Untracked 
| 982|0x00000000bd600000, 0x00000000bd600000, 0x00000000bd700000|  0%| F|  |TAMS 0x00000000bd600000, 0x00000000bd600000| Untracked 
| 983|0x00000000bd700000, 0x00000000bd700000, 0x00000000bd800000|  0%| F|  |TAMS 0x00000000bd700000, 0x00000000bd700000| Untracked 
| 984|0x00000000bd800000, 0x00000000bd800000, 0x00000000bd900000|  0%| F|  |TAMS 0x00000000bd800000, 0x00000000bd800000| Untracked 
| 985|0x00000000bd900000, 0x00000000bd900000, 0x00000000bda00000|  0%| F|  |TAMS 0x00000000bd900000, 0x00000000bd900000| Untracked 
| 986|0x00000000bda00000, 0x00000000bda00000, 0x00000000bdb00000|  0%| F|  |TAMS 0x00000000bda00000, 0x00000000bda00000| Untracked 
| 987|0x00000000bdb00000, 0x00000000bdb00000, 0x00000000bdc00000|  0%| F|  |TAMS 0x00000000bdb00000, 0x00000000bdb00000| Untracked 
| 988|0x00000000bdc00000, 0x00000000bdc00000, 0x00000000bdd00000|  0%| F|  |TAMS 0x00000000bdc00000, 0x00000000bdc00000| Untracked 
| 989|0x00000000bdd00000, 0x00000000bdd00000, 0x00000000bde00000|  0%| F|  |TAMS 0x00000000bdd00000, 0x00000000bdd00000| Untracked 
| 990|0x00000000bde00000, 0x00000000bde00000, 0x00000000bdf00000|  0%| F|  |TAMS 0x00000000bde00000, 0x00000000bde00000| Untracked 
| 991|0x00000000bdf00000, 0x00000000bdf00000, 0x00000000be000000|  0%| F|  |TAMS 0x00000000bdf00000, 0x00000000bdf00000| Untracked 
| 992|0x00000000be000000, 0x00000000be000000, 0x00000000be100000|  0%| F|  |TAMS 0x00000000be000000, 0x00000000be000000| Untracked 
| 993|0x00000000be100000, 0x00000000be100000, 0x00000000be200000|  0%| F|  |TAMS 0x00000000be100000, 0x00000000be100000| Untracked 
| 994|0x00000000be200000, 0x00000000be200000, 0x00000000be300000|  0%| F|  |TAMS 0x00000000be200000, 0x00000000be200000| Untracked 
| 995|0x00000000be300000, 0x00000000be300000, 0x00000000be400000|  0%| F|  |TAMS 0x00000000be300000, 0x00000000be300000| Untracked 
| 996|0x00000000be400000, 0x00000000be400000, 0x00000000be500000|  0%| F|  |TAMS 0x00000000be400000, 0x00000000be400000| Untracked 
| 997|0x00000000be500000, 0x00000000be500000, 0x00000000be600000|  0%| F|  |TAMS 0x00000000be500000, 0x00000000be500000| Untracked 
| 998|0x00000000be600000, 0x00000000be600000, 0x00000000be700000|  0%| F|  |TAMS 0x00000000be600000, 0x00000000be600000| Untracked 
| 999|0x00000000be700000, 0x00000000be700000, 0x00000000be800000|  0%| F|  |TAMS 0x00000000be700000, 0x00000000be700000| Untracked 
|1000|0x00000000be800000, 0x00000000be800000, 0x00000000be900000|  0%| F|  |TAMS 0x00000000be800000, 0x00000000be800000| Untracked 
|1001|0x00000000be900000, 0x00000000be900000, 0x00000000bea00000|  0%| F|  |TAMS 0x00000000be900000, 0x00000000be900000| Untracked 
|1002|0x00000000bea00000, 0x00000000bea00000, 0x00000000beb00000|  0%| F|  |TAMS 0x00000000bea00000, 0x00000000bea00000| Untracked 
|1003|0x00000000beb00000, 0x00000000beb00000, 0x00000000bec00000|  0%| F|  |TAMS 0x00000000beb00000, 0x00000000beb00000| Untracked 
|1004|0x00000000bec00000, 0x00000000bec00000, 0x00000000bed00000|  0%| F|  |TAMS 0x00000000bec00000, 0x00000000bec00000| Untracked 
|1005|0x00000000bed00000, 0x00000000bed00000, 0x00000000bee00000|  0%| F|  |TAMS 0x00000000bed00000, 0x00000000bed00000| Untracked 
|1006|0x00000000bee00000, 0x00000000bee00000, 0x00000000bef00000|  0%| F|  |TAMS 0x00000000bee00000, 0x00000000bee00000| Untracked 
|1007|0x00000000bef00000, 0x00000000bef00000, 0x00000000bf000000|  0%| F|  |TAMS 0x00000000bef00000, 0x00000000bef00000| Untracked 
|1008|0x00000000bf000000, 0x00000000bf000000, 0x00000000bf100000|  0%| F|  |TAMS 0x00000000bf000000, 0x00000000bf000000| Untracked 
|1009|0x00000000bf100000, 0x00000000bf100000, 0x00000000bf200000|  0%| F|  |TAMS 0x00000000bf100000, 0x00000000bf100000| Untracked 
|1010|0x00000000bf200000, 0x00000000bf200000, 0x00000000bf300000|  0%| F|  |TAMS 0x00000000bf200000, 0x00000000bf200000| Untracked 
|1011|0x00000000bf300000, 0x00000000bf300000, 0x00000000bf400000|  0%| F|  |TAMS 0x00000000bf300000, 0x00000000bf300000| Untracked 
|1012|0x00000000bf400000, 0x00000000bf400000, 0x00000000bf500000|  0%| F|  |TAMS 0x00000000bf400000, 0x00000000bf400000| Untracked 
|1013|0x00000000bf500000, 0x00000000bf500000, 0x00000000bf600000|  0%| F|  |TAMS 0x00000000bf500000, 0x00000000bf500000| Untracked 
|1014|0x00000000bf600000, 0x00000000bf600000, 0x00000000bf700000|  0%| F|  |TAMS 0x00000000bf600000, 0x00000000bf600000| Untracked 
|1015|0x00000000bf700000, 0x00000000bf700000, 0x00000000bf800000|  0%| F|  |TAMS 0x00000000bf700000, 0x00000000bf700000| Untracked 
|1016|0x00000000bf800000, 0x00000000bf800000, 0x00000000bf900000|  0%| F|  |TAMS 0x00000000bf800000, 0x00000000bf800000| Untracked 
|1017|0x00000000bf900000, 0x00000000bf900000, 0x00000000bfa00000|  0%| F|  |TAMS 0x00000000bf900000, 0x00000000bf900000| Untracked 
|1018|0x00000000bfa00000, 0x00000000bfa00000, 0x00000000bfb00000|  0%| F|  |TAMS 0x00000000bfa00000, 0x00000000bfa00000| Untracked 
|1019|0x00000000bfb00000, 0x00000000bfb00000, 0x00000000bfc00000|  0%| F|  |TAMS 0x00000000bfb00000, 0x00000000bfb00000| Untracked 
|1020|0x00000000bfc00000, 0x00000000bfc00000, 0x00000000bfd00000|  0%| F|  |TAMS 0x00000000bfc00000, 0x00000000bfc00000| Untracked 
|1021|0x00000000bfd00000, 0x00000000bfd00000, 0x00000000bfe00000|  0%| F|  |TAMS 0x00000000bfd00000, 0x00000000bfd00000| Untracked 
|1022|0x00000000bfe00000, 0x00000000bfe00000, 0x00000000bff00000|  0%| F|  |TAMS 0x00000000bfe00000, 0x00000000bfe00000| Untracked 
|1023|0x00000000bff00000, 0x00000000bff00000, 0x00000000c0000000|  0%| F|  |TAMS 0x00000000bff00000, 0x00000000bff00000| Untracked 
|1024|0x00000000c0000000, 0x00000000c0000000, 0x00000000c0100000|  0%| F|  |TAMS 0x00000000c0000000, 0x00000000c0000000| Untracked 
|1025|0x00000000c0100000, 0x00000000c0100000, 0x00000000c0200000|  0%| F|  |TAMS 0x00000000c0100000, 0x00000000c0100000| Untracked 
|1026|0x00000000c0200000, 0x00000000c0200000, 0x00000000c0300000|  0%| F|  |TAMS 0x00000000c0200000, 0x00000000c0200000| Untracked 
|1027|0x00000000c0300000, 0x00000000c0300000, 0x00000000c0400000|  0%| F|  |TAMS 0x00000000c0300000, 0x00000000c0300000| Untracked 
|1906|0x00000000f7200000, 0x00000000f7200000, 0x00000000f7300000|  0%| F|  |TAMS 0x00000000f7200000, 0x00000000f7200000| Untracked 
|1907|0x00000000f7300000, 0x00000000f7300000, 0x00000000f7400000|  0%| F|  |TAMS 0x00000000f7300000, 0x00000000f7300000| Untracked 
|1908|0x00000000f7400000, 0x00000000f7400000, 0x00000000f7500000|  0%| F|  |TAMS 0x00000000f7400000, 0x00000000f7400000| Untracked 
|1909|0x00000000f7500000, 0x00000000f7500000, 0x00000000f7600000|  0%| F|  |TAMS 0x00000000f7500000, 0x00000000f7500000| Untracked 
|1910|0x00000000f7600000, 0x00000000f7600000, 0x00000000f7700000|  0%| F|  |TAMS 0x00000000f7600000, 0x00000000f7600000| Untracked 
|1911|0x00000000f7700000, 0x00000000f7700000, 0x00000000f7800000|  0%| F|  |TAMS 0x00000000f7700000, 0x00000000f7700000| Untracked 
|1912|0x00000000f7800000, 0x00000000f7800000, 0x00000000f7900000|  0%| F|  |TAMS 0x00000000f7800000, 0x00000000f7800000| Untracked 
|1913|0x00000000f7900000, 0x00000000f7900000, 0x00000000f7a00000|  0%| F|  |TAMS 0x00000000f7900000, 0x00000000f7900000| Untracked 
|1914|0x00000000f7a00000, 0x00000000f7a00000, 0x00000000f7b00000|  0%| F|  |TAMS 0x00000000f7a00000, 0x00000000f7a00000| Untracked 
|1915|0x00000000f7b00000, 0x00000000f7b00000, 0x00000000f7c00000|  0%| F|  |TAMS 0x00000000f7b00000, 0x00000000f7b00000| Untracked 
|1916|0x00000000f7c00000, 0x00000000f7c00000, 0x00000000f7d00000|  0%| F|  |TAMS 0x00000000f7c00000, 0x00000000f7c00000| Untracked 
|1917|0x00000000f7d00000, 0x00000000f7d00000, 0x00000000f7e00000|  0%| F|  |TAMS 0x00000000f7d00000, 0x00000000f7d00000| Untracked 
|1918|0x00000000f7e00000, 0x00000000f7e00000, 0x00000000f7f00000|  0%| F|  |TAMS 0x00000000f7e00000, 0x00000000f7e00000| Untracked 
|1919|0x00000000f7f00000, 0x00000000f7f00000, 0x00000000f8000000|  0%| F|  |TAMS 0x00000000f7f00000, 0x00000000f7f00000| Untracked 
|1920|0x00000000f8000000, 0x00000000f8000000, 0x00000000f8100000|  0%| F|  |TAMS 0x00000000f8000000, 0x00000000f8000000| Untracked 
|1921|0x00000000f8100000, 0x00000000f8100000, 0x00000000f8200000|  0%| F|  |TAMS 0x00000000f8100000, 0x00000000f8100000| Untracked 
|1922|0x00000000f8200000, 0x00000000f8200000, 0x00000000f8300000|  0%| F|  |TAMS 0x00000000f8200000, 0x00000000f8200000| Untracked 
|1923|0x00000000f8300000, 0x00000000f8300000, 0x00000000f8400000|  0%| F|  |TAMS 0x00000000f8300000, 0x00000000f8300000| Untracked 
|1924|0x00000000f8400000, 0x00000000f8400000, 0x00000000f8500000|  0%| F|  |TAMS 0x00000000f8400000, 0x00000000f8400000| Untracked 

Card table byte_map: [0x000002364aa70000,0x000002364ae70000] _byte_map_base: 0x000002364a670000

Marking Bits (Prev, Next): (CMBitMap*) 0x00000236336158d0, (CMBitMap*) 0x0000023633615890
 Prev Bits: [0x000002364d270000, 0x000002364f270000)
 Next Bits: [0x000002364b270000, 0x000002364d270000)

Polling page: 0x0000023631550000

Metaspace:

Usage:
  Non-class:    261.05 MB used.
      Class:     38.17 MB used.
       Both:    299.22 MB used.

Virtual space:
  Non-class space:      320.00 MB reserved,     261.75 MB ( 82%) committed,  5 nodes.
      Class space:        1.00 GB reserved,      38.94 MB (  4%) committed,  1 nodes.
             Both:        1.31 GB reserved,     300.69 MB ( 22%) committed. 

Chunk freelists:
   Non-Class:  10.23 MB
       Class:  8.98 MB
        Both:  19.21 MB

MaxMetaspaceSize: unlimited
CompressedClassSpaceSize: 1.00 GB
Initial GC threshold: 21.00 MB
Current GC threshold: 500.75 MB
CDS: on
MetaspaceReclaimPolicy: balanced
 - commit_granule_bytes: 65536.
 - commit_granule_words: 8192.
 - virtual_space_node_default_size: 8388608.
 - enlarge_chunks_in_place: 1.
 - new_chunks_are_fully_committed: 0.
 - uncommit_free_chunks: 1.
 - use_allocation_guard: 0.
 - handle_deallocations: 1.


Internal statistics:

num_allocs_failed_limit: 12.
num_arena_births: 3702.
num_arena_deaths: 1164.
num_vsnodes_births: 6.
num_vsnodes_deaths: 0.
num_space_committed: 4972.
num_space_uncommitted: 167.
num_chunks_returned_to_freelist: 1992.
num_chunks_taken_from_freelist: 16909.
num_chunk_merges: 738.
num_chunk_splits: 11680.
num_chunks_enlarged: 8603.
num_inconsistent_stats: 0.

CodeHeap 'non-profiled nmethods': size=120000Kb used=58272Kb max_used=58272Kb free=61728Kb
 bounds [0x0000023642be0000, 0x00000236464d0000, 0x000002364a110000]
CodeHeap 'profiled nmethods': size=120000Kb used=110491Kb max_used=110491Kb free=9508Kb
 bounds [0x000002363b110000, 0x0000023641d00000, 0x0000023642640000]
CodeHeap 'non-nmethods': size=5760Kb used=2021Kb max_used=2125Kb free=3738Kb
 bounds [0x0000023642640000, 0x00000236428b0000, 0x0000023642be0000]
 total_blobs=52214 nmethods=51054 adapters=1065
 compilation: enabled
              stopped_count=0, restarted_count=0
 full_count=0

Compilation events (20 events):
Event: 2999.769 Thread 0x0000023693036db0 nmethod 70909 0x00000236464c7a10 code [0x00000236464c7ba0, 0x00000236464c7c78]
Event: 2999.771 Thread 0x0000023693036db0 70910       2       com.android.tools.r8.dex.code.O1::M (4 bytes)
Event: 2999.771 Thread 0x0000023693036db0 nmethod 70910 0x0000023641cf5210 code [0x0000023641cf53a0, 0x0000023641cf54b8]
Event: 2999.771 Thread 0x0000023693036db0 70911       2       com.android.tools.r8.dex.code.z3::a (30 bytes)
Event: 2999.772 Thread 0x0000023693036db0 nmethod 70911 0x0000023641cf5590 code [0x0000023641cf5760, 0x0000023641cf59f8]
Event: 2999.772 Thread 0x0000023693036db0 70912       2       com.android.tools.r8.dex.code.P::a (28 bytes)
Event: 2999.772 Thread 0x0000023693036db0 nmethod 70912 0x0000023641cf5c10 code [0x0000023641cf5de0, 0x0000023641cf5fe8]
Event: 2999.772 Thread 0x0000023693036db0 70913       2       com.android.tools.r8.dex.code.P::b (2 bytes)
Event: 2999.772 Thread 0x0000023693036db0 nmethod 70913 0x0000023641cf6190 code [0x0000023641cf6320, 0x0000023641cf6438]
Event: 2999.772 Thread 0x0000023693036db0 70914       2       com.android.tools.r8.dex.code.S0::hashCode (21 bytes)
Event: 2999.772 Thread 0x0000023693036db0 nmethod 70914 0x0000023641cf6510 code [0x0000023641cf66c0, 0x0000023641cf6828]
Event: 2999.773 Thread 0x0000023693036db0 70915       1       com.android.tools.r8.dex.code.X::u (3 bytes)
Event: 2999.773 Thread 0x0000023693036db0 nmethod 70915 0x00000236464c7d10 code [0x00000236464c7ea0, 0x00000236464c7f78]
Event: 2999.773 Thread 0x0000023693036db0 70916       3       com.android.tools.r8.internal.Hw::c (96 bytes)
Event: 2999.773 Thread 0x0000023693036db0 nmethod 70916 0x0000023641cf6910 code [0x0000023641cf6b40, 0x0000023641cf73d8]
Event: 2999.773 Thread 0x0000023693036db0 70917       2       com.android.tools.r8.internal.tA::a (15 bytes)
Event: 2999.773 Thread 0x0000023693036db0 nmethod 70917 0x0000023641cf7690 code [0x0000023641cf7820, 0x0000023641cf7958]
Event: 2999.774 Thread 0x0000023693036db0 70918       2       com.android.tools.r8.dex.k$$Lambda$8823/0x000002365566aee8::accept (12 bytes)
Event: 2999.774 Thread 0x0000023693036db0 nmethod 70918 0x0000023641cf7a10 code [0x0000023641cf7bc0, 0x0000023641cf7d28]
Event: 2999.774 Thread 0x0000023693036db0 70919       2       com.android.tools.r8.dex.k::a (96 bytes)

GC Heap History (20 events):
Event: 2975.366 GC heap after
{Heap after GC invocations=356 (full 0):
 garbage-first heap   total 1126400K, used 285537K [0x0000000080000000, 0x0000000100000000)
  region size 1024K, 3 young (3072K), 3 survivors (3072K)
 Metaspace       used 266956K, committed 268224K, reserved 1310720K
  class space    used 33404K, committed 34048K, reserved 1048576K
}
Event: 2989.176 GC heap before
{Heap before GC invocations=356 (full 0):
 garbage-first heap   total 1126400K, used 820065K [0x0000000080000000, 0x0000000100000000)
  region size 1024K, 527 young (539648K), 3 survivors (3072K)
 Metaspace       used 277366K, committed 278784K, reserved 1310720K
  class space    used 34858K, committed 35584K, reserved 1048576K
}
Event: 2989.187 GC heap after
{Heap after GC invocations=357 (full 0):
 garbage-first heap   total 1126400K, used 295762K [0x0000000080000000, 0x0000000100000000)
  region size 1024K, 20 young (20480K), 20 survivors (20480K)
 Metaspace       used 277366K, committed 278784K, reserved 1310720K
  class space    used 34858K, committed 35584K, reserved 1048576K
}
Event: 2994.098 GC heap before
{Heap before GC invocations=358 (full 0):
 garbage-first heap   total 1072128K, used 898898K [0x0000000080000000, 0x0000000100000000)
  region size 1024K, 569 young (582656K), 20 survivors (20480K)
 Metaspace       used 285907K, committed 287360K, reserved 1310720K
  class space    used 35741K, committed 36480K, reserved 1048576K
}
Event: 2994.111 GC heap after
{Heap after GC invocations=359 (full 0):
 garbage-first heap   total 1072128K, used 302359K [0x0000000080000000, 0x0000000100000000)
  region size 1024K, 26 young (26624K), 26 survivors (26624K)
 Metaspace       used 285907K, committed 287360K, reserved 1310720K
  class space    used 35741K, committed 36480K, reserved 1048576K
}
Event: 2994.161 GC heap before
{Heap before GC invocations=359 (full 0):
 garbage-first heap   total 1072128K, used 327958K [0x0000000080000000, 0x0000000100000000)
  region size 1024K, 52 young (53248K), 26 survivors (26624K)
 Metaspace       used 285913K, committed 287360K, reserved 1310720K
  class space    used 35741K, committed 36480K, reserved 1048576K
}
Event: 2994.184 GC heap after
{Heap after GC invocations=360 (full 0):
 garbage-first heap   total 1072128K, used 294131K [0x0000000080000000, 0x0000000100000000)
  region size 1024K, 4 young (4096K), 4 survivors (4096K)
 Metaspace       used 285913K, committed 287360K, reserved 1310720K
  class space    used 35741K, committed 36480K, reserved 1048576K
}
Event: 2996.450 GC heap before
{Heap before GC invocations=360 (full 0):
 garbage-first heap   total 1072128K, used 840947K [0x0000000080000000, 0x0000000100000000)
  region size 1024K, 539 young (551936K), 4 survivors (4096K)
 Metaspace       used 293283K, committed 294720K, reserved 1310720K
  class space    used 36879K, committed 37632K, reserved 1048576K
}
Event: 2996.465 GC heap after
{Heap after GC invocations=361 (full 0):
 garbage-first heap   total 1072128K, used 317591K [0x0000000080000000, 0x0000000100000000)
  region size 1024K, 27 young (27648K), 27 survivors (27648K)
 Metaspace       used 293283K, committed 294720K, reserved 1310720K
  class space    used 36879K, committed 37632K, reserved 1048576K
}
Event: 2997.937 GC heap before
{Heap before GC invocations=362 (full 0):
 garbage-first heap   total 1072128K, used 846999K [0x0000000080000000, 0x0000000100000000)
  region size 1024K, 548 young (561152K), 27 survivors (27648K)
 Metaspace       used 304693K, committed 306176K, reserved 1376256K
  class space    used 38954K, committed 39744K, reserved 1048576K
}
Event: 2997.970 GC heap after
{Heap after GC invocations=363 (full 0):
 garbage-first heap   total 1072128K, used 350414K [0x0000000080000000, 0x0000000100000000)
  region size 1024K, 62 young (63488K), 62 survivors (63488K)
 Metaspace       used 304693K, committed 306176K, reserved 1376256K
  class space    used 38954K, committed 39744K, reserved 1048576K
}
Event: 2997.973 GC heap before
{Heap before GC invocations=363 (full 0):
 garbage-first heap   total 1072128K, used 351438K [0x0000000080000000, 0x0000000100000000)
  region size 1024K, 63 young (64512K), 62 survivors (63488K)
 Metaspace       used 304699K, committed 306176K, reserved 1376256K
  class space    used 38955K, committed 39744K, reserved 1048576K
}
Event: 2998.006 GC heap after
{Heap after GC invocations=364 (full 0):
 garbage-first heap   total 1072128K, used 337866K [0x0000000080000000, 0x0000000100000000)
  region size 1024K, 5 young (5120K), 5 survivors (5120K)
 Metaspace       used 304699K, committed 306176K, reserved 1376256K
  class space    used 38955K, committed 39744K, reserved 1048576K
}
Event: 2998.703 GC heap before
{Heap before GC invocations=364 (full 0):
 garbage-first heap   total 1072128K, used 853962K [0x0000000080000000, 0x0000000100000000)
  region size 1024K, 509 young (521216K), 5 survivors (5120K)
 Metaspace       used 305953K, committed 307392K, reserved 1376256K
  class space    used 39071K, committed 39808K, reserved 1048576K
}
Event: 2998.713 GC heap after
{Heap after GC invocations=365 (full 0):
 garbage-first heap   total 1072128K, used 346823K [0x0000000080000000, 0x0000000100000000)
  region size 1024K, 14 young (14336K), 14 survivors (14336K)
 Metaspace       used 305953K, committed 307392K, reserved 1376256K
  class space    used 39071K, committed 39808K, reserved 1048576K
}
Event: 2999.225 GC heap before
{Heap before GC invocations=366 (full 0):
 garbage-first heap   total 1072128K, used 867015K [0x0000000080000000, 0x0000000100000000)
  region size 1024K, 523 young (535552K), 14 survivors (14336K)
 Metaspace       used 306165K, committed 307648K, reserved 1376256K
  class space    used 39077K, committed 39872K, reserved 1048576K
}
Event: 2999.251 GC heap after
{Heap after GC invocations=367 (full 0):
 garbage-first heap   total 1072128K, used 379597K [0x0000000080000000, 0x0000000100000000)
  region size 1024K, 46 young (47104K), 46 survivors (47104K)
 Metaspace       used 306165K, committed 307648K, reserved 1376256K
  class space    used 39077K, committed 39872K, reserved 1048576K
}
Event: 2999.257 GC heap before
{Heap before GC invocations=367 (full 0):
 garbage-first heap   total 1072128K, used 385741K [0x0000000080000000, 0x0000000100000000)
  region size 1024K, 52 young (53248K), 46 survivors (47104K)
 Metaspace       used 306167K, committed 307648K, reserved 1376256K
  class space    used 39077K, committed 39872K, reserved 1048576K
}
Event: 2999.291 GC heap after
{Heap after GC invocations=368 (full 0):
 garbage-first heap   total 1072128K, used 374322K [0x0000000080000000, 0x0000000100000000)
  region size 1024K, 5 young (5120K), 5 survivors (5120K)
 Metaspace       used 306167K, committed 307648K, reserved 1376256K
  class space    used 39077K, committed 39872K, reserved 1048576K
}
Event: 2999.774 GC heap before
{Heap before GC invocations=368 (full 0):
 garbage-first heap   total 1072128K, used 869938K [0x0000000080000000, 0x0000000100000000)
  region size 1024K, 490 young (501760K), 5 survivors (5120K)
 Metaspace       used 306400K, committed 307904K, reserved 1376256K
  class space    used 39088K, committed 39872K, reserved 1048576K
}

Dll operation events (17 events):
Event: 0.011 Loaded shared library D:\Program Files\Java\jdk-11.0.20\bin\java.dll
Event: 0.039 Loaded shared library D:\Program Files\Java\jdk-11.0.20\bin\jsvml.dll
Event: 0.095 Loaded shared library D:\Program Files\Java\jdk-11.0.20\bin\zip.dll
Event: 0.098 Loaded shared library D:\Program Files\Java\jdk-11.0.20\bin\instrument.dll
Event: 0.103 Loaded shared library D:\Program Files\Java\jdk-11.0.20\bin\net.dll
Event: 0.104 Loaded shared library D:\Program Files\Java\jdk-11.0.20\bin\nio.dll
Event: 0.108 Loaded shared library D:\Program Files\Java\jdk-11.0.20\bin\zip.dll
Event: 0.216 Loaded shared library D:\Program Files\Java\jdk-11.0.20\bin\jimage.dll
Event: 0.271 Loaded shared library D:\Program Files\Java\jdk-11.0.20\bin\verify.dll
Event: 0.431 Loaded shared library D:\GradleCache\native\c067742578af261105cb4f569cf0c3c89f3d7b1fecec35dd04571415982c5e48\windows-amd64\native-platform.dll
Event: 0.551 Loaded shared library D:\GradleCache\native\38dada09dfb8b06ba9b0570ebf7e218e3eb74d4ef43ca46872605cf95ebc2f47\windows-amd64\native-platform-file-events.dll
Event: 6.848 Loaded shared library D:\Program Files\Java\jdk-11.0.20\bin\management.dll
Event: 6.849 Loaded shared library D:\Program Files\Java\jdk-11.0.20\bin\management_ext.dll
Event: 7.062 Loaded shared library D:\Program Files\Java\jdk-11.0.20\bin\extnet.dll
Event: 7.245 Loaded shared library D:\Program Files\Java\jdk-11.0.20\bin\sunmscapi.dll
Event: 171.396 Loaded shared library C:\Users\zasha\AppData\Local\Temp\native-platform12103376398312796441dir\native-platform.dll
Event: 172.067 Loaded shared library D:\Program Files\Java\jdk-11.0.20\bin\rmi.dll

Deoptimization events (20 events):
Event: 2999.540 Thread 0x00000236b4e1fdd0 DEOPT PACKING pc=0x00000236463f83d8 sp=0x000000cbd20fa470
Event: 2999.540 Thread 0x00000236b4e1fdd0 DEOPT UNPACKING pc=0x00000236426969a3 sp=0x000000cbd20fa408 mode 2
Event: 2999.541 Thread 0x00000236b4e1fdd0 Uncommon trap: trap_request=0xffffffc6 fr.pc=0x00000236463d1a08 relative=0x00000000000002a8
Event: 2999.541 Thread 0x00000236b4e1fdd0 Uncommon trap: reason=bimorphic_or_optimized_type_check action=maybe_recompile pc=0x00000236463d1a08 method=com.android.tools.r8.utils.structural.b.a(Ljava/util/function/Predicate;Ljava/util/function/Function;Lcom/android/tools/r8/utils/structural/v;Lcom/
Event: 2999.541 Thread 0x00000236b4e1fdd0 DEOPT PACKING pc=0x00000236463d1a08 sp=0x000000cbd20fa090
Event: 2999.541 Thread 0x00000236b4e1fdd0 DEOPT UNPACKING pc=0x00000236426969a3 sp=0x000000cbd20fa048 mode 2
Event: 2999.541 Thread 0x00000236b4e1fdd0 Uncommon trap: trap_request=0xffffffc6 fr.pc=0x00000236463d1a08 relative=0x00000000000002a8
Event: 2999.541 Thread 0x00000236b4e1fdd0 Uncommon trap: reason=bimorphic_or_optimized_type_check action=maybe_recompile pc=0x00000236463d1a08 method=com.android.tools.r8.utils.structural.b.a(Ljava/util/function/Predicate;Ljava/util/function/Function;Lcom/android/tools/r8/utils/structural/v;Lcom/
Event: 2999.541 Thread 0x00000236b4e1fdd0 DEOPT PACKING pc=0x00000236463d1a08 sp=0x000000cbd20fa090
Event: 2999.541 Thread 0x00000236b4e1fdd0 DEOPT UNPACKING pc=0x00000236426969a3 sp=0x000000cbd20fa048 mode 2
Event: 2999.552 Thread 0x000002369aa03160 Uncommon trap: trap_request=0xffffff45 fr.pc=0x000002364644837c relative=0x00000000000005dc
Event: 2999.552 Thread 0x000002369aa03160 Uncommon trap: reason=unstable_if action=reinterpret pc=0x000002364644837c method=com.android.tools.r8.ir.regalloc.c.c(I)Lcom/android/tools/r8/ir/regalloc/c; @ 126 c2
Event: 2999.552 Thread 0x000002369aa03160 DEOPT PACKING pc=0x000002364644837c sp=0x000000cbd31f87c0
Event: 2999.552 Thread 0x000002369aa03160 DEOPT UNPACKING pc=0x00000236426969a3 sp=0x000000cbd31f8750 mode 2
Event: 2999.660 Thread 0x000002369aa04fc0 DEOPT PACKING pc=0x0000023641a6c251 sp=0x000000cbd32fa050
Event: 2999.660 Thread 0x000002369aa04fc0 DEOPT UNPACKING pc=0x0000023642697143 sp=0x000000cbd32f9978 mode 0
Event: 2999.766 Thread 0x0000023698c9ce30 Uncommon trap: trap_request=0xffffff45 fr.pc=0x00000236464bdf34 relative=0x0000000000003934
Event: 2999.766 Thread 0x0000023698c9ce30 Uncommon trap: reason=unstable_if action=reinterpret pc=0x00000236464bdf34 method=com.android.tools.r8.internal.Lz.add(I)Z @ 20 c2
Event: 2999.766 Thread 0x0000023698c9ce30 DEOPT PACKING pc=0x00000236464bdf34 sp=0x000000cbdb2f9540
Event: 2999.766 Thread 0x0000023698c9ce30 DEOPT UNPACKING pc=0x00000236426969a3 sp=0x000000cbdb2f9448 mode 2

Classes loaded (20 events):
Event: 718.538 Loading class sun/security/ssl/SSLCipher$T12GcmWriteCipherGenerator$GcmWriteCipher
Event: 718.538 Loading class sun/security/ssl/SSLCipher$T12GcmWriteCipherGenerator$GcmWriteCipher done
Event: 718.542 Loading class sun/security/ssl/NewSessionTicket$T12NewSessionTicketMessage
Event: 718.543 Loading class sun/security/ssl/NewSessionTicket$T12NewSessionTicketMessage done
Event: 718.543 Loading class sun/security/ssl/SSLCipher$T12GcmReadCipherGenerator$GcmReadCipher
Event: 718.544 Loading class sun/security/ssl/SSLCipher$T12GcmReadCipherGenerator$GcmReadCipher done
Event: 955.746 Loading class sun/nio/cs/US_ASCII$Decoder
Event: 955.747 Loading class sun/nio/cs/US_ASCII$Decoder done
Event: 1103.482 Loading class java/text/ChoiceFormat
Event: 1103.482 Loading class java/text/ChoiceFormat done
Event: 2989.220 Loading class java/util/stream/ReferencePipeline$4
Event: 2989.220 Loading class java/util/stream/ReferencePipeline$4 done
Event: 2989.225 Loading class java/util/function/IntBinaryOperator
Event: 2989.226 Loading class java/util/function/IntBinaryOperator done
Event: 2989.226 Loading class java/util/stream/ReduceOps$6
Event: 2989.226 Loading class java/util/stream/ReduceOps$6 done
Event: 2989.226 Loading class java/util/stream/ReduceOps$5ReducingSink
Event: 2989.227 Loading class java/util/stream/ReduceOps$5ReducingSink done
Event: 2989.227 Loading class java/util/stream/ReferencePipeline$4$1
Event: 2989.227 Loading class java/util/stream/ReferencePipeline$4$1 done

Classes unloaded (20 events):
Event: 2971.456 Thread 0x00000236518aec50 Unloading class 0x00000236531d2400 'java/lang/invoke/LambdaForm$MH+0x00000236531d2400'
Event: 2971.456 Thread 0x00000236518aec50 Unloading class 0x00000236531d2000 'java/lang/invoke/LambdaForm$MH+0x00000236531d2000'
Event: 2971.456 Thread 0x00000236518aec50 Unloading class 0x00000236531d1c00 'java/lang/invoke/LambdaForm$MH+0x00000236531d1c00'
Event: 2971.456 Thread 0x00000236518aec50 Unloading class 0x00000236531d1800 'java/lang/invoke/LambdaForm$MH+0x00000236531d1800'
Event: 2971.456 Thread 0x00000236518aec50 Unloading class 0x00000236531d0800 'java/lang/invoke/LambdaForm$MH+0x00000236531d0800'
Event: 2971.456 Thread 0x00000236518aec50 Unloading class 0x00000236531d0400 'java/lang/invoke/LambdaForm$BMH+0x00000236531d0400'
Event: 2971.456 Thread 0x00000236518aec50 Unloading class 0x0000023653102400 'java/lang/invoke/LambdaForm$DMH+0x0000023653102400'
Event: 2971.456 Thread 0x00000236518aec50 Unloading class 0x0000023653101c00 'java/lang/invoke/LambdaForm$DMH+0x0000023653101c00'
Event: 2971.456 Thread 0x00000236518aec50 Unloading class 0x0000023653101800 'java/lang/invoke/LambdaForm$MH+0x0000023653101800'
Event: 2971.456 Thread 0x00000236518aec50 Unloading class 0x0000023653101400 'java/lang/invoke/LambdaForm$MH+0x0000023653101400'
Event: 2971.456 Thread 0x00000236518aec50 Unloading class 0x0000023653101000 'java/lang/invoke/LambdaForm$MH+0x0000023653101000'
Event: 2971.456 Thread 0x00000236518aec50 Unloading class 0x00000236530de400 'java/lang/invoke/LambdaForm$MH+0x00000236530de400'
Event: 2971.456 Thread 0x00000236518aec50 Unloading class 0x00000236530ddc00 'java/lang/invoke/LambdaForm$MH+0x00000236530ddc00'
Event: 2971.456 Thread 0x00000236518aec50 Unloading class 0x00000236530dd800 'java/lang/invoke/LambdaForm$MH+0x00000236530dd800'
Event: 2971.456 Thread 0x00000236518aec50 Unloading class 0x00000236530dd400 'java/lang/invoke/LambdaForm$MH+0x00000236530dd400'
Event: 2971.456 Thread 0x00000236518aec50 Unloading class 0x00000236530dd000 'java/lang/invoke/LambdaForm$MH+0x00000236530dd000'
Event: 2971.456 Thread 0x00000236518aec50 Unloading class 0x00000236530dc800 'java/lang/invoke/LambdaForm$MH+0x00000236530dc800'
Event: 2971.456 Thread 0x00000236518aec50 Unloading class 0x000002365302ac00 'java/lang/invoke/LambdaForm$MH+0x000002365302ac00'
Event: 2971.456 Thread 0x00000236518aec50 Unloading class 0x000002365302a800 'java/lang/invoke/LambdaForm$MH+0x000002365302a800'
Event: 2971.456 Thread 0x00000236518aec50 Unloading class 0x0000023653028400 'java/lang/invoke/LambdaForm$MH+0x0000023653028400'

Classes redefined (0 events):
No events

Internal exceptions (20 events):
Event: 2996.954 Thread 0x000002369aa03160 Exception <a 'java/lang/IncompatibleClassChangeError'{0x00000000b7c06578}: Found class java.lang.Object, but interface was expected> (0x00000000b7c06578) 
thrown [s\src\hotspot\share\interpreter\linkResolver.cpp, line 826]
Event: 2996.954 Thread 0x00000236b4e1fdd0 Exception <a 'java/lang/IncompatibleClassChangeError'{0x00000000b7ca22b0}: Found class java.lang.Object, but interface was expected> (0x00000000b7ca22b0) 
thrown [s\src\hotspot\share\interpreter\linkResolver.cpp, line 826]
Event: 2996.954 Thread 0x0000023698c9afd0 Exception <a 'java/lang/IncompatibleClassChangeError'{0x00000000b7efa5d8}: Found class java.lang.Object, but interface was expected> (0x00000000b7efa5d8) 
thrown [s\src\hotspot\share\interpreter\linkResolver.cpp, line 826]
Event: 2996.954 Thread 0x000002369e7d2790 Exception <a 'java/lang/IncompatibleClassChangeError'{0x00000000b9057cd0}: Found class java.lang.Object, but interface was expected> (0x00000000b9057cd0) 
thrown [s\src\hotspot\share\interpreter\linkResolver.cpp, line 826]
Event: 2997.253 Thread 0x000002369d3d54a0 Exception <a 'java/lang/IncompatibleClassChangeError'{0x00000000b2bf2900}: Found class java.lang.Object, but interface was expected> (0x00000000b2bf2900) 
thrown [s\src\hotspot\share\interpreter\linkResolver.cpp, line 826]
Event: 2997.386 Thread 0x0000023698c9afd0 Exception <a 'java/lang/IncompatibleClassChangeError'{0x00000000b03241f0}: Found class java.lang.Object, but interface was expected> (0x00000000b03241f0) 
thrown [s\src\hotspot\share\interpreter\linkResolver.cpp, line 826]
Event: 2997.386 Thread 0x000002369aa03670 Exception <a 'java/lang/IncompatibleClassChangeError'{0x00000000b0532140}: Found class java.lang.Object, but interface was expected> (0x00000000b0532140) 
thrown [s\src\hotspot\share\interpreter\linkResolver.cpp, line 826]
Event: 2997.386 Thread 0x000002369e7d2790 Exception <a 'java/lang/IncompatibleClassChangeError'{0x00000000b0366d10}: Found class java.lang.Object, but interface was expected> (0x00000000b0366d10) 
thrown [s\src\hotspot\share\interpreter\linkResolver.cpp, line 826]
Event: 2997.386 Thread 0x000002369aa03160 Exception <a 'java/lang/IncompatibleClassChangeError'{0x00000000b0390bd0}: Found class java.lang.Object, but interface was expected> (0x00000000b0390bd0) 
thrown [s\src\hotspot\share\interpreter\linkResolver.cpp, line 826]
Event: 2997.492 Thread 0x0000023698c9afd0 Exception <a 'sun/nio/fs/WindowsException'{0x00000000ae661708}> (0x00000000ae661708) 
thrown [s\src\hotspot\share\prims\jni.cpp, line 516]
Event: 2997.492 Thread 0x000002369aa03160 Exception <a 'sun/nio/fs/WindowsException'{0x00000000ae52b440}> (0x00000000ae52b440) 
thrown [s\src\hotspot\share\prims\jni.cpp, line 516]
Event: 2997.493 Thread 0x000002369aa03670 Exception <a 'sun/nio/fs/WindowsException'{0x00000000ae53f8e8}> (0x00000000ae53f8e8) 
thrown [s\src\hotspot\share\prims\jni.cpp, line 516]
Event: 2997.493 Thread 0x000002369e7d2790 Exception <a 'sun/nio/fs/WindowsException'{0x00000000ae8406c0}> (0x00000000ae8406c0) 
thrown [s\src\hotspot\share\prims\jni.cpp, line 516]
Event: 2997.564 Thread 0x000002369aa03160 Exception <a 'sun/nio/fs/WindowsException'{0x00000000acdfdd18}> (0x00000000acdfdd18) 
thrown [s\src\hotspot\share\prims\jni.cpp, line 516]
Event: 2998.451 Thread 0x000002369d3d54a0 Exception <a 'sun/nio/fs/WindowsException'{0x00000000af9b66a0}> (0x00000000af9b66a0) 
thrown [s\src\hotspot\share\prims\jni.cpp, line 516]
Event: 2998.686 Thread 0x0000023698c9afd0 Exception <a 'sun/nio/fs/WindowsException'{0x00000000a31bee60}> (0x00000000a31bee60) 
thrown [s\src\hotspot\share\prims\jni.cpp, line 516]
Event: 2998.808 Thread 0x000002369aa04ab0 Exception <a 'sun/nio/fs/WindowsException'{0x00000000bdbea180}> (0x00000000bdbea180) 
thrown [s\src\hotspot\share\prims\jni.cpp, line 516]
Event: 2999.372 Thread 0x000002369aa04fc0 Exception <a 'sun/nio/fs/WindowsException'{0x00000000bc249df8}> (0x00000000bc249df8) 
thrown [s\src\hotspot\share\prims\jni.cpp, line 516]
Event: 2999.565 Thread 0x000002369aa04fc0 Exception <a 'sun/nio/fs/WindowsException'{0x00000000af409a98}> (0x00000000af409a98) 
thrown [s\src\hotspot\share\prims\jni.cpp, line 516]
Event: 2999.754 Thread 0x000002369aa04ab0 Exception <a 'sun/nio/fs/WindowsException'{0x00000000a4212fd0}> (0x00000000a4212fd0) 
thrown [s\src\hotspot\share\prims\jni.cpp, line 516]

VM Operations (20 events):
Event: 2998.569 Executing VM operation: HandshakeAllThreads done
Event: 2998.703 Executing VM operation: G1CollectForAllocation
Event: 2998.713 Executing VM operation: G1CollectForAllocation done
Event: 2998.945 Executing VM operation: ICBufferFull
Event: 2998.946 Executing VM operation: ICBufferFull done
Event: 2998.964 Executing VM operation: G1PauseRemark
Event: 2999.006 Executing VM operation: G1PauseRemark done
Event: 2999.137 Executing VM operation: G1PauseCleanup
Event: 2999.138 Executing VM operation: G1PauseCleanup done
Event: 2999.224 Executing VM operation: G1CollectForAllocation
Event: 2999.251 Executing VM operation: G1CollectForAllocation done
Event: 2999.257 Executing VM operation: G1CollectForAllocation
Event: 2999.291 Executing VM operation: G1CollectForAllocation done
Event: 2999.558 Executing VM operation: ICBufferFull
Event: 2999.559 Executing VM operation: ICBufferFull done
Event: 2999.605 Executing VM operation: HandshakeAllThreads
Event: 2999.632 Executing VM operation: HandshakeAllThreads done
Event: 2999.759 Executing VM operation: ICBufferFull
Event: 2999.760 Executing VM operation: ICBufferFull done
Event: 2999.774 Executing VM operation: G1CollectForAllocation

Memory protections (0 events):
No events

Nmethod flushes (20 events):
Event: 2998.752 Thread 0x0000023693042390 flushing  nmethod 0x00000236414f1610
Event: 2998.752 Thread 0x0000023693042390 flushing  nmethod 0x00000236414f1990
Event: 2998.752 Thread 0x0000023693042390 flushing  nmethod 0x00000236414f1f90
Event: 2998.752 Thread 0x0000023693042390 flushing  nmethod 0x0000023641502c10
Event: 2998.752 Thread 0x0000023693042390 flushing  nmethod 0x0000023641506f90
Event: 2998.752 Thread 0x0000023693042390 flushing  nmethod 0x0000023641507e90
Event: 2998.752 Thread 0x0000023693042390 flushing  nmethod 0x0000023641509590
Event: 2998.752 Thread 0x0000023693042390 flushing  nmethod 0x000002364150be10
Event: 2998.752 Thread 0x0000023693042390 flushing  nmethod 0x000002364150f410
Event: 2998.752 Thread 0x0000023693042390 flushing  nmethod 0x000002364150f890
Event: 2998.752 Thread 0x0000023693042390 flushing  nmethod 0x0000023641511710
Event: 2998.752 Thread 0x0000023693042390 flushing  nmethod 0x0000023641512f10
Event: 2998.752 Thread 0x0000023693042390 flushing  nmethod 0x0000023641515810
Event: 2998.752 Thread 0x0000023693042390 flushing  nmethod 0x0000023641515c10
Event: 2998.752 Thread 0x0000023693042390 flushing  nmethod 0x0000023641516910
Event: 2998.752 Thread 0x0000023693042390 flushing osr nmethod 0x0000023641531c10
Event: 2998.752 Thread 0x0000023693042390 flushing  nmethod 0x0000023641534710
Event: 2998.752 Thread 0x0000023693042390 flushing  nmethod 0x000002364153f190
Event: 2998.752 Thread 0x0000023693042390 flushing  nmethod 0x0000023641541190
Event: 2998.752 Thread 0x0000023693042390 flushing  nmethod 0x0000023641541810

Events (20 events):
Event: 2990.655 Thread 0x000002369d9da450 Thread added: 0x00000236c2a86140
Event: 2990.659 Thread 0x000002369d9da450 Thread added: 0x0000023699e7bdf0
Event: 2990.663 Thread 0x000002369d9da450 Thread added: 0x00000236bfd133d0
Event: 2992.451 Thread 0x000002369f3622e0 Thread exited: 0x000002369f3622e0
Event: 2992.608 Thread 0x000002369f361d90 Thread exited: 0x000002369f361d90
Event: 2992.647 Thread 0x0000023693036db0 Thread added: 0x000002369f361d90
Event: 2992.799 Thread 0x0000023693036db0 Thread added: 0x00000236b413a970
Event: 2992.892 Thread 0x000002369d9dae70 Thread added: 0x00000236c2a85210
Event: 2994.013 Thread 0x00000236b413a970 Thread exited: 0x00000236b413a970
Event: 2994.013 Thread 0x000002369f361d90 Thread exited: 0x000002369f361d90
Event: 2994.039 Thread 0x0000023693036db0 Thread added: 0x0000023698ce4650
Event: 2994.246 Thread 0x0000023698ce4650 Thread exited: 0x0000023698ce4650
Event: 2994.706 Thread 0x000002369302dee0 Thread added: 0x000002369d6fd620
Event: 2995.652 Thread 0x000002369302dee0 Thread added: 0x00000236c0989b90
Event: 2996.147 Thread 0x00000236c0989b90 Thread exited: 0x00000236c0989b90
Event: 2996.172 Thread 0x0000023693036db0 Thread added: 0x000002369bd96d50
Event: 2997.642 Thread 0x00000236bfd133d0 Thread exited: 0x00000236bfd133d0
Event: 2997.642 Thread 0x00000236c2a847f0 Thread exited: 0x00000236c2a847f0
Event: 2997.642 Thread 0x000002369a15b860 Thread exited: 0x000002369a15b860
Event: 2997.642 Thread 0x000002369be6d340 Thread exited: 0x000002369be6d340


Dynamic libraries:
0x00007ff7eec30000 - 0x00007ff7eec3e000 	D:\Program Files\Java\jdk-11.0.20\bin\java.exe
0x00007ffaee810000 - 0x00007ffaeea27000 	C:\windows\SYSTEM32\ntdll.dll
0x00007ffaed430000 - 0x00007ffaed4f4000 	C:\windows\System32\KERNEL32.DLL
0x00007ffaec0c0000 - 0x00007ffaec492000 	C:\windows\System32\KERNELBASE.dll
0x00007ffaebfa0000 - 0x00007ffaec0b1000 	C:\windows\System32\ucrtbase.dll
0x00007ffacb290000 - 0x00007ffacb2a7000 	D:\Program Files\Java\jdk-11.0.20\bin\jli.dll
0x00007ffacb270000 - 0x00007ffacb28e000 	D:\Program Files\Java\jdk-11.0.20\bin\VCRUNTIME140.dll
0x00007ffaecea0000 - 0x00007ffaed051000 	C:\windows\System32\USER32.dll
0x00007ffacfbe0000 - 0x00007ffacfe7b000 	C:\windows\WinSxS\amd64_microsoft.windows.common-controls_6595b64144ccf1df_6.0.22621.5547_none_27104afb73855772\COMCTL32.dll
0x00007ffaebbe0000 - 0x00007ffaebc06000 	C:\windows\System32\win32u.dll
0x00007ffaedb60000 - 0x00007ffaedc07000 	C:\windows\System32\msvcrt.dll
0x00007ffaecd50000 - 0x00007ffaecd79000 	C:\windows\System32\GDI32.dll
0x00007ffaebd10000 - 0x00007ffaebe33000 	C:\windows\System32\gdi32full.dll
0x00007ffaebe40000 - 0x00007ffaebeda000 	C:\windows\System32\msvcp_win.dll
0x00007ffaed8c0000 - 0x00007ffaed8f1000 	C:\windows\System32\IMM32.DLL
0x00007ffaca870000 - 0x00007ffaca87c000 	D:\Program Files\Java\jdk-11.0.20\bin\vcruntime140_1.dll
0x00007ffaa5a80000 - 0x00007ffaa5b0d000 	D:\Program Files\Java\jdk-11.0.20\bin\msvcp140.dll
0x00007ffa29e40000 - 0x00007ffa2aaab000 	D:\Program Files\Java\jdk-11.0.20\bin\server\jvm.dll
0x00007ffaed370000 - 0x00007ffaed421000 	C:\windows\System32\ADVAPI32.dll
0x00007ffaed910000 - 0x00007ffaed9b8000 	C:\windows\System32\sechost.dll
0x00007ffaebbb0000 - 0x00007ffaebbd8000 	C:\windows\System32\bcrypt.dll
0x00007ffaecd80000 - 0x00007ffaece94000 	C:\windows\System32\RPCRT4.dll
0x00007ffaedc10000 - 0x00007ffaedc81000 	C:\windows\System32\WS2_32.dll
0x00007ffaea750000 - 0x00007ffaea79d000 	C:\windows\SYSTEM32\POWRPROF.dll
0x00007ffae6d60000 - 0x00007ffae6d94000 	C:\windows\SYSTEM32\WINMM.dll
0x00007ffae3150000 - 0x00007ffae315a000 	C:\windows\SYSTEM32\VERSION.dll
0x00007ffaea730000 - 0x00007ffaea743000 	C:\windows\SYSTEM32\UMPDC.dll
0x00007ffaea9f0000 - 0x00007ffaeaa08000 	C:\windows\SYSTEM32\kernel.appcore.dll
0x00007ffac8860000 - 0x00007ffac886a000 	D:\Program Files\Java\jdk-11.0.20\bin\jimage.dll
0x00007ffae8f00000 - 0x00007ffae9133000 	C:\windows\SYSTEM32\DBGHELP.DLL
0x00007ffaedcb0000 - 0x00007ffaee043000 	C:\windows\System32\combase.dll
0x00007ffaee050000 - 0x00007ffaee127000 	C:\windows\System32\OLEAUT32.dll
0x00007ffacf920000 - 0x00007ffacf952000 	C:\windows\SYSTEM32\dbgcore.DLL
0x00007ffaebc10000 - 0x00007ffaebc8b000 	C:\windows\System32\bcryptPrimitives.dll
0x00007ffaba1a0000 - 0x00007ffaba1ae000 	D:\Program Files\Java\jdk-11.0.20\bin\instrument.dll
0x00007ffac8830000 - 0x00007ffac8855000 	D:\Program Files\Java\jdk-11.0.20\bin\java.dll
0x00007ffa9b900000 - 0x00007ffa9b9d7000 	D:\Program Files\Java\jdk-11.0.20\bin\jsvml.dll
0x00007ffaec4a0000 - 0x00007ffaecd42000 	C:\windows\System32\SHELL32.dll
0x00007ffaeba70000 - 0x00007ffaebbaf000 	C:\windows\System32\wintypes.dll
0x00007ffae97f0000 - 0x00007ffaea10d000 	C:\windows\SYSTEM32\windows.storage.dll
0x00007ffaed260000 - 0x00007ffaed36c000 	C:\windows\System32\SHCORE.dll
0x00007ffaee130000 - 0x00007ffaee199000 	C:\windows\System32\shlwapi.dll
0x00007ffaeb830000 - 0x00007ffaeb85b000 	C:\windows\SYSTEM32\profapi.dll
0x00007ffac3ca0000 - 0x00007ffac3cb8000 	D:\Program Files\Java\jdk-11.0.20\bin\zip.dll
0x00007ffac81f0000 - 0x00007ffac8209000 	D:\Program Files\Java\jdk-11.0.20\bin\net.dll
0x00007ffae8380000 - 0x00007ffae84ac000 	C:\windows\SYSTEM32\WINHTTP.dll
0x00007ffaeaea0000 - 0x00007ffaeaf09000 	C:\windows\system32\mswsock.dll
0x00007ffac3cc0000 - 0x00007ffac3cd6000 	D:\Program Files\Java\jdk-11.0.20\bin\nio.dll
0x00007ffac81e0000 - 0x00007ffac81f0000 	D:\Program Files\Java\jdk-11.0.20\bin\verify.dll
0x00007ffac8290000 - 0x00007ffac82b7000 	D:\GradleCache\native\c067742578af261105cb4f569cf0c3c89f3d7b1fecec35dd04571415982c5e48\windows-amd64\native-platform.dll
0x00007ffa97eb0000 - 0x00007ffa97ff4000 	D:\GradleCache\native\38dada09dfb8b06ba9b0570ebf7e218e3eb74d4ef43ca46872605cf95ebc2f47\windows-amd64\native-platform-file-events.dll
0x00007ffac47a0000 - 0x00007ffac47aa000 	D:\Program Files\Java\jdk-11.0.20\bin\management.dll
0x00007ffac3730000 - 0x00007ffac373b000 	D:\Program Files\Java\jdk-11.0.20\bin\management_ext.dll
0x00007ffaee6b0000 - 0x00007ffaee6b8000 	C:\windows\System32\PSAPI.DLL
0x00007ffaeb0f0000 - 0x00007ffaeb10b000 	C:\windows\SYSTEM32\CRYPTSP.dll
0x00007ffaea950000 - 0x00007ffaea987000 	C:\windows\system32\rsaenh.dll
0x00007ffaeaf90000 - 0x00007ffaeafb8000 	C:\windows\SYSTEM32\USERENV.dll
0x00007ffaeb110000 - 0x00007ffaeb11c000 	C:\windows\SYSTEM32\CRYPTBASE.dll
0x00007ffaea3e0000 - 0x00007ffaea40d000 	C:\windows\SYSTEM32\IPHLPAPI.DLL
0x00007ffaed8b0000 - 0x00007ffaed8b9000 	C:\windows\System32\NSI.dll
0x00007ffae7c80000 - 0x00007ffae7c99000 	C:\windows\SYSTEM32\dhcpcsvc6.DLL
0x00007ffae7890000 - 0x00007ffae78af000 	C:\windows\SYSTEM32\dhcpcsvc.DLL
0x00007ffaea410000 - 0x00007ffaea508000 	C:\windows\SYSTEM32\DNSAPI.dll
0x00007ffac3710000 - 0x00007ffac3719000 	D:\Program Files\Java\jdk-11.0.20\bin\extnet.dll
0x00007ffab9db0000 - 0x00007ffab9dbe000 	D:\Program Files\Java\jdk-11.0.20\bin\sunmscapi.dll
0x00007ffaeb900000 - 0x00007ffaeba67000 	C:\windows\System32\CRYPT32.dll
0x00007ffaeb2b0000 - 0x00007ffaeb2dd000 	C:\windows\SYSTEM32\ncrypt.dll
0x00007ffaeb270000 - 0x00007ffaeb2a7000 	C:\windows\SYSTEM32\NTASN1.dll
0x00007ffa62680000 - 0x00007ffa62688000 	C:\windows\system32\wshunix.dll
0x00007ffae70a0000 - 0x00007ffae70aa000 	C:\Windows\System32\rasadhlp.dll
0x00007ffae70b0000 - 0x00007ffae7134000 	C:\windows\System32\fwpuclnt.dll
0x00007ffa61d60000 - 0x00007ffa61d77000 	C:\windows\system32\napinsp.dll
0x00007ffa61d80000 - 0x00007ffa61d9b000 	C:\windows\system32\pnrpnsp.dll
0x00007ffa61da0000 - 0x00007ffa61db1000 	C:\windows\System32\winrnr.dll
0x00007ffabc190000 - 0x00007ffabc1af000 	C:\windows\system32\wshbth.dll
0x00007ffac95f0000 - 0x00007ffac9611000 	C:\windows\system32\nlansp_c.dll
0x00007ffaeab10000 - 0x00007ffaeab44000 	C:\windows\SYSTEM32\ntmarta.dll
0x00007ffae5210000 - 0x00007ffae52a7000 	C:\windows\system32\apphelp.dll
0x00007ffaca990000 - 0x00007ffaca9ae000 	C:\Users\zasha\AppData\Local\Temp\native-platform12103376398312796441dir\native-platform.dll
0x00007ffac9630000 - 0x00007ffac9637000 	D:\Program Files\Java\jdk-11.0.20\bin\rmi.dll

dbghelp: loaded successfully - version: 4.0.5 - missing functions: none
symbol engine: initialized successfully - sym options: 0x614 - pdb path: .;D:\Program Files\Java\jdk-11.0.20\bin;C:\windows\SYSTEM32;C:\windows\WinSxS\amd64_microsoft.windows.common-controls_6595b64144ccf1df_6.0.22621.5547_none_27104afb73855772;D:\Program Files\Java\jdk-11.0.20\bin\server;D:\GradleCache\native\c067742578af261105cb4f569cf0c3c89f3d7b1fecec35dd04571415982c5e48\windows-amd64;D:\GradleCache\native\38dada09dfb8b06ba9b0570ebf7e218e3eb74d4ef43ca46872605cf95ebc2f47\windows-amd64;C:\Users\zasha\AppData\Local\Temp\native-platform12103376398312796441dir

VM Arguments:
jvm_args: --add-opens=java.base/java.util=ALL-UNNAMED --add-opens=java.base/java.lang=ALL-UNNAMED --add-opens=java.base/java.lang.invoke=ALL-UNNAMED --add-opens=java.prefs/java.util.prefs=ALL-UNNAMED --add-opens=java.base/java.nio.charset=ALL-UNNAMED --add-opens=java.base/java.net=ALL-UNNAMED --add-opens=java.base/java.util.concurrent.atomic=ALL-UNNAMED -Xmx2048m -Dfile.encoding=UTF-8 -Duser.country=ID -Duser.language=en -Duser.variant -javaagent:D:\GradleCache\wrapper\dists\gradle-8.4-all\56r6xik2f6skrm47et0ibifug\gradle-8.4\lib\agents\gradle-instrumentation-agent-8.4.jar 
java_command: org.gradle.launcher.daemon.bootstrap.GradleDaemon 8.4
java_class_path (initial): D:\GradleCache\wrapper\dists\gradle-8.4-all\56r6xik2f6skrm47et0ibifug\gradle-8.4\lib\gradle-launcher-8.4.jar
Launcher Type: SUN_STANDARD

[Global flags]
     intx CICompilerCount                          = 4                                         {product} {ergonomic}
     uint ConcGCThreads                            = 3                                         {product} {ergonomic}
     uint G1ConcRefinementThreads                  = 10                                        {product} {ergonomic}
   size_t G1HeapRegionSize                         = 1048576                                   {product} {ergonomic}
    uintx GCDrainStackTargetSize                   = 64                                        {product} {ergonomic}
   size_t InitialHeapSize                          = 257949696                                 {product} {ergonomic}
   size_t MarkStackSize                            = 4194304                                   {product} {ergonomic}
   size_t MaxHeapSize                              = 2147483648                                {product} {command line}
   size_t MaxNewSize                               = 1287651328                                {product} {ergonomic}
   size_t MinHeapDeltaBytes                        = 1048576                                   {product} {ergonomic}
   size_t MinHeapSize                              = 8388608                                   {product} {ergonomic}
    uintx NonNMethodCodeHeapSize                   = 5839372                                {pd product} {ergonomic}
    uintx NonProfiledCodeHeapSize                  = 122909434                              {pd product} {ergonomic}
    uintx ProfiledCodeHeapSize                     = 122909434                              {pd product} {ergonomic}
    uintx ReservedCodeCacheSize                    = 251658240                              {pd product} {ergonomic}
     bool SegmentedCodeCache                       = true                                      {product} {ergonomic}
   size_t SoftMaxHeapSize                          = 2147483648                             {manageable} {ergonomic}
     bool UseCompressedClassPointers               = true                           {product lp64_product} {ergonomic}
     bool UseCompressedOops                        = true                           {product lp64_product} {ergonomic}
     bool UseG1GC                                  = true                                      {product} {ergonomic}
     bool UseLargePagesIndividualAllocation        = false                                  {pd product} {ergonomic}

Logging:
Log output configuration:
 #0: stdout all=warning uptime,level,tags
 #1: stderr all=off uptime,level,tags

Environment Variables:
JAVA_HOME=D:\Program Files\Java\jdk-11.0.20
CLASSPATH=D:\Sem 5\Project MAP\SawitKu\\gradle\wrapper\gradle-wrapper.jar
PATH=D:\Program Files\bin;D:\Android\Sdk\platform-tools;D:\Program Files\Git\cmd;D:\Program Files\Java\jdk-11.0.20\bin;C:\Users\zasha\AppData\Local\Microsoft\WindowsApps;C:\Users\zasha\AppData\Local\Programs\Microsoft VS Code\bin;C:\MinGW\bin;C:\Users\zasha\AppData\Roaming\npm;C:\Users\zasha\AppData\Roaming\Composer\vendor\bin;C:\Users\zasha\AppData\Local\GitHubDesktop\bin;C:\Users\zasha\.dotnet\tools
USERNAME=Jennifer Kastilong
OS=Windows_NT
PROCESSOR_IDENTIFIER=AMD64 Family 25 Model 80 Stepping 0, AuthenticAMD
TMP=C:\Users\zasha\AppData\Local\Temp
TEMP=C:\Users\zasha\AppData\Local\Temp



Periodic native trim disabled


---------------  S Y S T E M  ---------------

OS:
 Windows 11 , 64 bit Build 22621 (10.0.22621.5415)
OS uptime: 1 days 13:12 hours
Hyper-V role detected

CPU: total 12 (initial active 12) (12 cores per cpu, 2 threads per core) family 25 model 80 stepping 0 microcode 0x0, cx8, cmov, fxsr, ht, mmx, 3dnowpref, sse, sse2, sse3, ssse3, sse4a, sse4.1, sse4.2, popcnt, lzcnt, tsc, tscinvbit, avx, avx2, aes, erms, clmul, bmi1, bmi2, adx, sha, fma, vzeroupper, clflush, clflushopt, hv
Processor Information for all 12 processors :
  Max Mhz: 2301, Current Mhz: 2301, Mhz Limit: 2301

Memory: 4k page, system-wide physical 15711M (2351M free)
TotalPageFile size 24555M (AvailPageFile size 31M)
current process WorkingSet (physical memory assigned to process): 1768M, peak: 2367M
current process commit charge ("private bytes"): 1931M, peak: 2805M

vm_info: OpenJDK 64-Bit Server VM (17.0.16+8) for windows-amd64 JRE (17.0.16+8), built on Jul 16 2025 10:37:56 by "admin" with MS VC++ 17.7 (VS2022)

END.
